Workbook

Sheet Dashboard
A1: Real-Time Stock Monitor
A2: TOTAL TANK STOCK (L) | H2: TANK 1 VARIANCE | N2: TOTAL BOWSER STOCK (L) | Z2: VOLUME SOLD TODAY | AF2: =CONCATENATE("VOLUME SOLD:"," ",AL11,","," ",AL9," ","TO"," ",AO11,","," ",AO9) -> VOLUME SOLD: SEP, 1 TO SEP, 16 | AL2: =CONCATENATE(AC7,":"," ",AL11,","," ",AL9," ","TO"," ",AO11,","," ",AO9) -> ETHIOPIAN: SEP, 1 TO SEP, 16
A3: =IFERROR(sum(StockOverview!B5:B7),"Check Data") -> 268642 | N3: =IFERROR(SUM(StockOverview!B12:B19),"") -> 277335 | Z3: =SUMIFS(Sales!I:I,Sales!A:A,">="& AL6, Sales!A:A, "<"& AO6) -> 0 | AF3: =IF(OR(AO17="❌ Invalid",AO18="❌Invalid"),"⚠️ Please select valid dates",SUMIFS(Sales!I:I,Sales!A:A, ">=" & AL15,Sales!A:A, "<" & AO15 + 1)) -> 2148606 | AL3: =IF(OR(AO17="❌ Invalid",AO18="❌Invalid"),"⚠️ Please select valid dates",SUMIFS(Sales!I:I,Sales!A:A, ">=" & AL15,Sales!A:A, "<" & AO15+1,Sales!F:F,AC7)) -> 792553
AL5: CURRENT SHIFT CYCLE
B6: TANK STOCK LEVELS | T6: Tank ID | X6: Volume (L) | AC6: Select Airline | AL6: =IF(TIMEVALUE(NOW()) < TIME(8,0,0), TODAY()-1+TIME(8,0,0), TODAY()+TIME(8,0,0)) -> 45921.333 | AO6: =AL6+1 -> 45922.333
T7: Tank 1 | X7: =StockOverview!H5+SUMIFS(TSM!K:K,TSM!D:D,T7,TSM!A:A,">="&AL6,TSM!Q:Q,"Inflow")-SUMIFS(TSM!K:K,TSM!D:D,T7,TSM!A:A,">="&AL6,TSM!Q:Q,"Outflow") -> 0 | AC7: ETHIOPIAN | AL7: Date Combination
T8: Tank 2 | X8: =StockOverview!H6+SUMIFS(TSM!K:K,TSM!D:D,T8,TSM!A:A,">="&AL6,TSM!Q:Q,"Inflow")-SUMIFS(TSM!K:K,TSM!D:D,T8,TSM!A:A,">="&AL6,TSM!Q:Q,"Outflow") -> 0 | AL8: Start Day | AO8: End Day
T9: Tank 3 | X9: =StockOverview!H7+SUMIFS(TSM!K:K,TSM!D:D,T9,TSM!A:A,">="&AL6,TSM!Q:Q,"Inflow")-SUMIFS(TSM!K:K,TSM!D:D,T9,TSM!A:A,">="&AL6,TSM!Q:Q,"Outflow") -> 268642 | AC9: Bowser ID | AG9: Volume (L) | AL9: 1 | AO9: 16
AC10: Adeyemi | AG10: =VLOOKUP(AC10,StockOverview!A11:B11,2,false) -> #N/A | AL10: Start Month | AO10: End Month
T11: Tank Stock Movement | AC11: Akachi | AG11: =VLOOKUP(AC11,StockOverview!A12:B20,2,false) -> 35161 | AL11: SEP | AO11: SEP
T12: Total Inflow | AC12: Ashake | AG12: =VLOOKUP(AC12,StockOverview!A13:B20,2,false) -> 5493 | AL12: Start Year | AO12: End Year
T13: Expected | X13: =SUMIFS(TSM!G:G,TSM!A:A,">="&AL6,TSM!Q:Q,"Inflow") -> 0 | AC13: Divine grace | AG13: =VLOOKUP(AC13,StockOverview!A14:B20,2,false) -> 54990 | AL13: 2025 | AO13: 2025
T14: Actual | X14: =SUMIFS(TSM!K:K,TSM!A:A,">="&AL6,TSM!Q:Q,"Inflow") -> 0 | AC14: Odogwu | AG14: =VLOOKUP(AC14,#REF!,2,false) -> #REF! | AL14: Start Date | AO14: End Date
T15: Total Outflow | AC15: Roseline | AG15: =VLOOKUP(AC15,StockOverview!A22:B22,2,false) -> #N/A | AL15: {=IF(AO17="❌ Invalid Start Date","", DATE(AL13, MATCH(AL11, {"Jan","Feb","Mar","Apr","May","Jun","Jul","Aug","Sep","Oct","Nov","Dec"},0), AL9) + TIME(8,0,0))} -> 45901.333 | AO15: {=IF(AO18="❌ Invalid End Date","", DATE(AO13, MATCH(AO11, {"Jan","Feb","Mar","Apr","May","Jun","Jul","Aug","Sep","Oct","Nov","Dec"},0), AO9) + TIME(8,0,0))} -> 45916.333
T16: Expected | X16: =SUMIFS(TSM!G:G,TSM!A:A,">="&AL6,TSM!Q:Q,"Outflow") -> 0 | AC16: Seriki | AG16: =VLOOKUP(AC16,StockOverview!A22:B23,2,false) -> #N/A | AL16: Date Validity
T17: Actual | X17: =SUMIFS(TSM!K:K,TSM!A:A,">="&AL6,TSM!Q:Q,"Outflow") -> 0 | AC17: Sultan | AG17: =VLOOKUP(AC17,StockOverview!A22:B24,2,false) -> #N/A | AL17: Start Date | AO17: {=IF(AL9>DAY(EOMONTH(DATE(AL13, MATCH(AL11, {"Jan","Feb","Mar","Apr","May","Jun","Jul","Aug","Sep","Oct","Nov","Dec"},0), 1), 0)), "❌ Invalid", "✓ Valid")} -> ✓ Valid
T18: Dip Value | AL18: End Date | AO18: {=IF(AO9>DAY(EOMONTH(DATE(AO13, MATCH(AO11, {"Jan","Feb","Mar","Apr","May","Jun","Jul","Aug","Sep","Oct","Nov","Dec"},0), 1), 0)), "❌ Invalid", "✓ Valid")} -> ✓ Valid

Sheet Copy of Dashboard
A1: Real-Time Stock Monitor
A2: TOTAL TANK STOCK (L) | H2: TANK 1 VARIANCE | N2: TOTAL BOWSER STOCK (L) | Z2: VOLUME SOLD TODAY | AF2: =CONCATENATE("VOLUME SOLD:"," ",AL11,","," ",AL9," ","TO"," ",AO11,","," ",AO9) -> VOLUME SOLD: SEP, 20 TO SEP, 20 | AL2: =CONCATENATE(AC7,":"," ",AL11,","," ",AL9," ","TO"," ",AO11,","," ",AO9) -> ETHIOPIAN: SEP, 20 TO SEP, 20
A3: =IFERROR(sum(StockOverview!B5:B7),"Check Data") -> 268642 | H3: =IF(OR(AO17="❌ Invalid",AO18="❌Invalid"),"⚠️ Please select valid dates",IFS(H2:M2="TANK 1 VARIANCE",SUMIFS(TSM!L:L,TSM!D:D,"Tank 1",TSM!A:A,">=" & AL15,TSM!A:A, "<" & AO15 + 1),H2:M2="TANK 2 VARIANCE",SUMIFS(TSM!L:L,TSM!D:D,"Tank 2",TSM!A:A,">=" & AL15,TSM!A:A, "<" & AO15 + 1),H2:M2="TANK 3 VARIANCE",SUMIFS(TSM!L:L,TSM!D:D,"Tank 3",TSM!A:A,">=" & AL15,TSM!A:A, "<" & AO15 + 1),H2:M2="TOTAL TANK VARIANCE",SUMIFS(TSM!L:L,TSM!A:A,">=" & AL15,TSM!A:A, "<" & AO15 + 1))) -> 0 | N3: =IFERROR(SUM(StockOverview!B12:B19),"") -> 277335 | Z3: =SUMIFS(Sales!I:I,Sales!A:A,">="& AL6, Sales!A:A, "<"& AO6) -> 0 | AF3: =IF(OR(AO17="❌ Invalid",AO18="❌Invalid"),"⚠️ Please select valid dates",SUMIFS(Sales!I:I,Sales!A:A,">=" & AL15,Sales!A:A, "<" & AO15 + 1)) -> 0 | AL3: =IF(OR(AO17="❌ Invalid",AO18="❌Invalid"),"⚠️ Please select valid dates",SUMIFS(Sales!I:I,Sales!A:A, ">=" & AL15,Sales!A:A, "<" & AO15+1,Sales!F:F,AC7)) -> 0
AL5: CURRENT SHIFT CYCLE
B6: TANK STOCK LEVELS | T6: Tank ID | X6: Volume (L) | AC6: Select Airline | AL6: =IF(TIMEVALUE(NOW()) < TIME(8,0,0), TODAY()-1+TIME(8,0,0), TODAY()+TIME(8,0,0)) -> 45921.333 | AO6: =AL6+1 -> 45922.333
T7: Tank 1 | X7: =StockOverview!B5 -> 0 | AC7: ETHIOPIAN | AL7: Date Combination
T8: Tank 2 | X8: =StockOverview!B6 -> 0 | AC8: =IFERROR(__xludf.DUMMYFUNCTION("IF(OR(AO17=""❌ Invalid"",AO18=""❌Invalid""),""⚠️ Please select valid dates"",vlookup(min(filter(TSM!A:A,TSM!A:A>=AL15,TSM!A:A<AO15 + 1)),TSM!A:Q,8,FALSE)+SUMIFS(TSM!G:G,TSM!A:A,"">="" & AL15,TSM!A:A, ""<"" & AO15 + 1,TSM!Q:Q,""Inflow""))-SUMIFS(TSM!G:G,TS"&"M!A:A,"">="" & AL15,TSM!A:A, ""<"" & AO15 + 1,TSM!Q:Q,""Outflow"")"),"#N/A") -> #N/A | AL8: Start Day | AO8: End Day
T9: Tank 3 | X9: =StockOverview!B7 -> 268642 | AC9: Bowser ID | AG9: Volume (L) | AL9: 20 | AO9: 20
AC10: Adeyemi | AG10: =IFERROR(VLOOKUP(MAXIFS(TSM!A:A,TSM!F:F,AC10),TSM!A:Q,14,FALSE),"") -> 54596 | AL10: Start Month | AO10: End Month
T11: Tank Stock Movement | AC11: Akachi | AG11: =IFERROR(VLOOKUP(MAXIFS(TSM!A:A,TSM!F:F,AC11),TSM!A:Q,14,FALSE),"") -> 35161 | AL11: SEP | AO11: SEP
T12: Total Inflow Today | AC12: Ashake | AG12: =IFERROR(VLOOKUP(MAXIFS(TSM!A:A,TSM!F:F,AC12),TSM!A:Q,14,FALSE),"") -> 5493 | AL12: Start Year | AO12: End Year
T13: Expected | X13: =SUMIFS(TSM!G:G,TSM!A:A,">="&AL6,TSM!Q:Q,"Inflow") -> 0 | AC13: Divine grace | AG13: =IFERROR(VLOOKUP(MAXIFS(TSM!A:A,TSM!F:F,AC13),TSM!A:Q,14,FALSE),"") -> 54990 | AL13: 2025 | AO13: 2025
T14: Actual | X14: =SUMIFS(TSM!K:K,TSM!A:A,">="&AL6,TSM!Q:Q,"Inflow") -> 0 | AC14: Odogwu | AG14: =IFERROR(VLOOKUP(MAXIFS(TSM!A:A,TSM!F:F,AC14),TSM!A:Q,14,FALSE),"") -> 41009 | AL14: Start Date | AO14: End Date
T15: Total Outflow Today | AC15: Roseline | AG15: =IFERROR(VLOOKUP(MAXIFS(TSM!A:A,TSM!F:F,AC15),TSM!A:Q,14,FALSE),"") | AL15: {=IF(AO17="❌ Invalid Start Date","", DATE(AL13, MATCH(AL11, {"Jan","Feb","Mar","Apr","May","Jun","Jul","Aug","Sep","Oct","Nov","Dec"},0), AL9) + TIME(8,0,0))} -> 45920.333 | AO15: {=IF(AO18="❌ Invalid End Date","", DATE(AO13, MATCH(AO11, {"Jan","Feb","Mar","Apr","May","Jun","Jul","Aug","Sep","Oct","Nov","Dec"},0), AO9) + TIME(8,0,0))} -> 45920.333
T16: Expected | X16: =SUMIFS(TSM!G:G,TSM!A:A,">="&AL6,TSM!Q:Q,"Outflow") -> 0 | AC16: Seriki | AG16: =IFERROR(VLOOKUP(MAXIFS(TSM!A:A,TSM!F:F,AC16),TSM!A:Q,14,FALSE),"") -> 31086 | AL16: Date Validity
T17: Actual | X17: =SUMIFS(TSM!K:K,TSM!A:A,">="&AL6,TSM!Q:Q,"Outflow") -> 0 | AC17: Sultan | AG17: =IFERROR(VLOOKUP(MAXIFS(TSM!A:A,TSM!F:F,AC17),TSM!A:Q,14,FALSE),"") -> 55000 | AL17: Start Date | AO17: {=IF(AL9>DAY(EOMONTH(DATE(AL13, MATCH(AL11, {"Jan","Feb","Mar","Apr","May","Jun","Jul","Aug","Sep","Oct","Nov","Dec"},0), 1), 0)), "❌ Invalid", "✓ Valid")} -> ✓ Valid
T18: Dip Value | AL18: End Date | AO18: {=IF(AO9>DAY(EOMONTH(DATE(AO13, MATCH(AO11, {"Jan","Feb","Mar","Apr","May","Jun","Jul","Aug","Sep","Oct","Nov","Dec"},0), 1), 0)), "❌ Invalid", "✓ Valid")} -> ✓ Valid
O19: Opening Timestamp | T19: Opening | X19: Inflow | AA19: Outflow | AD19: Dip Change | AG19: Expected | AJ19: Variance
O20: =IFERROR(__xludf.DUMMYFUNCTION("iferror(min(filter(TSM!A:A,TSM!A:A>=AL15,TSM!A:A<AO15 + 1,TSM!D:D=""Tank 1"")),maxifs(TSM!A:A,TSM!D:D,""Tank 1""))"),45918.40860819444) -> 45918.409 | T20: =vlookup(O20,TSM!A:Q,8,FALSE) -> 2931 | X20: =SUMIFS(TSM!G:G,TSM!A:A,">=" & AL15,TSM!A:A, "<" & AO15 + 1,TSM!Q:Q,"Inflow",TSM!D:D,"Tank 1") -> 0 | AA20: =SUMIFS(TSM!G:G,TSM!A:A,">=" & AL15,TSM!A:A, "<" & AO15 + 1,TSM!Q:Q,"Outflow",TSM!D:D,"Tank 1") -> 0 | AD20: =SUMIFS(Sheet7!F:F,Sheet7!A:A,">=" & AL15,Sheet7!A:A, "<" & AO15 + 1) -> 0 | AG20: =T20+X20-AA20+AD20 -> 2931 | AJ20: =StockOverview!B5-AG20 -> -2931
O21: =IFERROR(__xludf.DUMMYFUNCTION("iferror(min(filter(TSM!A:A,TSM!A:A>=AL15,TSM!A:A<AO15 + 1,TSM!D:D=""Tank 2"")),maxifs(TSM!A:A,TSM!D:D,""Tank 2""))"),45919.067930798614) -> 45919.068 | T21: =vlookup(O21,TSM!A:Q,8,FALSE) -> 34179 | X21: =SUMIFS(TSM!G:G,TSM!A:A,">="&AL15,TSM!A:A, "<"&AO15 + 1,TSM!Q:Q,"Inflow",TSM!D:D,"Tank 2") -> 0 | AA21: =SUMIFS(TSM!G:G,TSM!A:A,">=" & AL15,TSM!A:A, "<" & AO15 + 1,TSM!Q:Q,"Outflow",TSM!D:D,"Tank 2") -> 0 | AD21: =SUMIFS(Sheet7!M:M,Sheet7!H:H,">=" & AL15,Sheet7!H:H, "<" & AO15 + 1) -> 0 | AG21: =T21+X21-AA21+AD21 -> 34179 | AJ21: =StockOverview!B6-AG21 -> -34179
O22: =IFERROR(__xludf.DUMMYFUNCTION("iferror(min(filter(TSM!A:A,TSM!A:A>=AL15,TSM!A:A<AO15 + 1,TSM!D:D=""Tank 3"")),maxifs(TSM!A:A,TSM!D:D,""Tank 3""))"),45919.36097150463) -> 45919.361 | T22: =vlookup(O22,TSM!A:Q,8,FALSE) -> 283732 | X22: =SUMIFS(TSM!G:G,TSM!A:A,">=" & AL15,TSM!A:A, "<" & AO15 + 1,TSM!Q:Q,"Inflow",TSM!D:D,"Tank 3") -> 0 | AA22: =SUMIFS(TSM!G:G,TSM!A:A,">=" & AL15,TSM!A:A, "<" & AO15 + 1,TSM!Q:Q,"Outflow",TSM!D:D,"Tank 3") -> 0 | AD22: =SUMIFS(Sheet7!T:T,Sheet7!O:O,">=" & AL15,Sheet7!O:O, "<" & AO15 + 1) -> 0 | AG22: =T22+X22-AA22+AD22 -> 283732 | AJ22: =StockOverview!B7-AG22 -> -15090

Sheet StockOverview
B1: CURRENT DATE & TIME | F1: CURRENT SHIFT CYCLE
B2: =TEXT(NOW(),"DD, MMMM YYYY HH:MM") -> 21, September 2025 14:07 | F2: =(IF(TIMEVALUE(NOW()) < TIME(8,0,0), TODAY()-1+TIME(8,0,0), TODAY()+TIME(8,0,0))) -> 45921.333 | G2: =F2+1 -> 45922.333
A3: CURRENT TANK OVERVIEW
A4: Tank ID | B4: Current Stock (L) | C4: Capacity (L) | D4: Available Capacity | E4: % Filled | G4: Tank ID | H4: Opening Stock | I4: Closing Stock
A5: Tank 1 | B5: =IFERROR(__xludf.DUMMYFUNCTION("IFERROR(VLOOKUP(MAX(FILTER(TSM!A:A,TSM!A:A>=F2,TSM!A:A<G2,TSM!D:D=G5)),TSM!A:Q,10,FALSE),VLOOKUP(MAXIFS(TSM!A:A,TSM!D:D,G5),TSM!A:Q,10,FALSE))"),0.0) -> 0 | C5: 1035347 | D5: =C5-B5 -> 1035347 | E5: =B5/C5 -> 0 | F5: =IFERROR(__xludf.DUMMYFUNCTION("IFERROR(MIN(FILTER(TSM!A:A,TSM!A:A>=F2,TSM!A:A<G2,TSM!D:D=G5)),""DATE NOT AVAILABLE"")"),"DATE NOT AVAILABLE") -> DATE NOT AVAILABLE | G5: Tank 1 | H5: =IFERROR(__xludf.DUMMYFUNCTION("IFERROR(VLOOKUP(MIN(FILTER(TSM!A:A,TSM!A:A>=F2,TSM!A:A<G2,TSM!D:D=G5)),TSM!A:Q,8,FALSE),VLOOKUP( MAXIFS(TSM!A:A,TSM!D:D,G5),TSM!A:Q,10,FALSE))"),0.0) -> 0 | I5: =IFERROR(__xludf.DUMMYFUNCTION("IFERROR(VLOOKUP(MAX(FILTER(TSM!A:A,TSM!A:A>=F2,TSM!A:A<G2,TSM!D:D=G5)),TSM!A:Q,10,FALSE),VLOOKUP(MAXIFS(TSM!A:A,TSM!D:D,G5),TSM!A:Q,10,FALSE))"),0.0) -> 0
A6: Tank 2 | B6: =IFERROR(__xludf.DUMMYFUNCTION("IFERROR(VLOOKUP(MAX(FILTER(TSM!A:A,TSM!A:A>=F2,TSM!A:A<G2,TSM!D:D=G6)),TSM!A:Q,10,FALSE),VLOOKUP(MAXIFS(TSM!A:A,TSM!D:D,G6),TSM!A:Q,10,FALSE))"),0.0) -> 0 | C6: 1112883 | D6: =C6-B6 -> 1112883 | E6: =B6/C6 -> 0 | F6: =IFERROR(__xludf.DUMMYFUNCTION("IFERROR(MIN(FILTER(TSM!A:A,TSM!A:A>=F2,TSM!A:A<G2,TSM!D:D=G6)),""DATE NOT AVAILABLE"")"),"DATE NOT AVAILABLE") -> DATE NOT AVAILABLE | G6: Tank 2 | H6: =IFERROR(__xludf.DUMMYFUNCTION("IFERROR(VLOOKUP(MIN(FILTER(TSM!A:A,TSM!A:A>=F2,TSM!A:A<G2,TSM!D:D=G6)),TSM!A:Q,8,FALSE),VLOOKUP(MAXIFS(TSM!A:A,TSM!D:D,G6),TSM!A:Q,10,FALSE))"),0.0) -> 0 | I6: =IFERROR(__xludf.DUMMYFUNCTION("IFERROR(VLOOKUP(MAX(FILTER(TSM!A:A,TSM!A:A>=F2,TSM!A:A<G2,TSM!D:D=G6)),TSM!A:Q,10,FALSE),VLOOKUP(MAXIFS(TSM!A:A,TSM!D:D,G6),TSM!A:Q,10,FALSE))"),0.0) -> 0
A7: Tank 3 | B7: =IFERROR(__xludf.DUMMYFUNCTION("IFERROR(VLOOKUP(MAX(FILTER(TSM!A:A,TSM!A:A>=F2,TSM!A:A<G2,TSM!D:D=G7)),TSM!A:Q,10,FALSE),VLOOKUP(MAXIFS(TSM!A:A,TSM!D:D,G7),TSM!A:Q,10,FALSE))"),268642.0) -> 268642 | C7: 1416494 | D7: =C7-B7 -> 1147852 | E7: =B7/C7 -> 0.18965276 | F7: =IFERROR(__xludf.DUMMYFUNCTION("IFERROR(MIN(FILTER(TSM!A:A,TSM!A:A>=F2,TSM!A:A<G2,TSM!D:D=G7)),""DATE NOT AVAILABLE"")"),"DATE NOT AVAILABLE") -> DATE NOT AVAILABLE | G7: Tank 3 | H7: =IFERROR(__xludf.DUMMYFUNCTION("IFERROR(VLOOKUP(MIN(FILTER(TSM!A:A,TSM!A:A>=F2,TSM!A:A<G2,TSM!D:D=G7)),TSM!A:Q,8,FALSE),VLOOKUP(MAXIFS(TSM!A:A,TSM!D:D,G7),TSM!A:Q,10,FALSE))"),268642.0) -> 268642 | I7: =IFERROR(__xludf.DUMMYFUNCTION("IFERROR(VLOOKUP(MAX(FILTER(TSM!A:A,TSM!A:A>=F2,TSM!A:A<G2,TSM!D:D=G7)),TSM!A:Q,10,FALSE),VLOOKUP(MAXIFS(TSM!A:A,TSM!D:D,G7),TSM!A:Q,10,FALSE))"),268642.0) -> 268642
A8: Total | B8: =SUM(B5:B7) -> 268642 | C8: =SUM(C5:C7) -> 3564724 | D8: =SUM(D5:D7) -> 3296082 | E8: =B8/C8 -> 0.075361234
G9: =IFERROR(__xludf.DUMMYFUNCTION("if(min(filter(TSM!A:A,TSM!A:A>=F2,TSM!A:A<G2)),vlookup(min(filter(TSM!A:A,TSM!A:A>=F2,TSM!A:A<G2)),TSM!A:Q,9,FALSE),"""")"),"#N/A") -> #N/A
A10: CURRENT BOWSER OVERVIEW
A11: Bowser ID | B11: Current Stock (L) | C11: Capacity (L) | F11: Total Inflow | H11: Total Outflow
A12: Adeyemi | B12: =IFERROR(VLOOKUP(MAXIFS(TSM!A:A,TSM!F:F,A12),TSM!A:Q,14,FALSE),"") -> 54596 | C12: 58000 | E12: Bowser ID | F12: Expected | G12: Actual | H12: Expected | I12: Actual
A13: Akachi | B13: =IFERROR(VLOOKUP(MAXIFS(TSM!A:A,TSM!F:F,A13),TSM!A:Q,14,FALSE),"") -> 35161 | C13: 37000 | E13: Adeyemi | F13: =SUMIFS(TSM!K:K,TSM!E:E,"Loading",TSM!F:F,E13,TSM!A:A,MAXIFS(TSM!A:A,TSM!A:A,TSM!A:A>=F2,TSM!A:A<G2,TSM!F:F,E13)) -> 0
A14: Ashake | B14: =IFERROR(VLOOKUP(MAXIFS(TSM!A:A,TSM!F:F,A14),TSM!A:Q,14,FALSE),"") -> 5493 | C14: 28000 | E14: Akachi | F14: =SUMIFS(TSM!K:K,TSM!E:E,"Loading",TSM!F:F,E14,TSM!A:A,MAXIFS(TSM!A:A,TSM!A:A,TSM!A:A>=F3,TSM!A:A<G3,TSM!F:F,E14)) -> 0
A15: Divine Grace | B15: =IFERROR(VLOOKUP(MAXIFS(TSM!A:A,TSM!F:F,A15),TSM!A:Q,14,FALSE),"") -> 54990 | C15: 58000 | E15: Ashake | F15: =SUMIFS(TSM!K:K,TSM!E:E,"Loading",TSM!F:F,E15,TSM!A:A,MAXIFS(TSM!A:A,TSM!A:A,TSM!A:A>=F4,TSM!A:A<G4,TSM!F:F,E15)) -> 0
A16: Odogwu | B16: =IFERROR(VLOOKUP(MAXIFS(TSM!A:A,TSM!F:F,A16),TSM!A:Q,14,FALSE),"") -> 41009 | C16: 40000 | E16: Divine Grace | F16: =SUMIFS(TSM!K:K,TSM!E:E,"Loading",TSM!F:F,E16,TSM!A:A,MAXIFS(TSM!A:A,TSM!A:A,TSM!A:A>=F5,TSM!A:A<G5,TSM!F:F,E16)) -> 0
A17: Roseline | B17: =IFERROR(VLOOKUP(MAXIFS(TSM!A:A,TSM!F:F,A17),TSM!A:Q,14,FALSE),"") | C17: 30000 | E17: Odogwu | F17: =SUMIFS(TSM!K:K,TSM!E:E,"Loading",TSM!F:F,E17,TSM!A:A,MAXIFS(TSM!A:A,TSM!A:A,TSM!A:A>=F6,TSM!A:A<G6,TSM!F:F,E17)) -> 0
A18: Seriki | B18: =IFERROR(VLOOKUP(MAXIFS(TSM!A:A,TSM!F:F,A18),TSM!A:Q,14,FALSE),"") -> 31086 | C18: 38000 | E18: Roseline | F18: =SUMIFS(TSM!K:K,TSM!E:E,"Loading",TSM!F:F,E18,TSM!A:A,MAXIFS(TSM!A:A,TSM!A:A,TSM!A:A>=F7,TSM!A:A<G7,TSM!F:F,E18)) -> 0
A19: Sultan | B19: =IFERROR(VLOOKUP(MAXIFS(TSM!A:A,TSM!F:F,A19),TSM!A:Q,14,FALSE),"") -> 55000 | C19: 57000 | E19: Seriki | F19: =SUMIFS(TSM!K:K,TSM!E:E,"Loading",TSM!F:F,E19,TSM!A:A,MAXIFS(TSM!A:A,TSM!A:A,TSM!A:A>=F8,TSM!A:A<G8,TSM!F:F,E19)) -> 0
A20: TOTAL | B20: =SUM(B12:B19) -> 277335 | E20: Sultan | F20: =SUMIFS(TSM!K:K,TSM!E:E,"Loading",TSM!F:F,E20,TSM!A:A,MAXIFS(TSM!A:A,TSM!A:A,TSM!A:A>=F9,TSM!A:A<G9,TSM!F:F,E20)) -> 0
E54: Today's Date:
E55: =TODAY() -> 45921

Sheet TSM
A1: Timestamp | B1: Date | C1: Month | D1: Tank ID | E1: Tank Activity | F1: Equipment ID | G1: Meter Reading | H1: Opening Stock | I1: Expected Stock | J1: Closing Stock | K1: Quantity | L1: Variance | M1: Bowser Opening Stock | N1: Bowser Closing Stock | O1: Quantity Received | P1: Operator | Q1: Movement Type
A2: 45903.446 | B2: 45903 | C2: =text(B2,"mmmm") -> September | D2: Tank 1 | E2: Loading | F2: Akachi | G2: 10318 | H2: 761882 | I2: =IF(E2="Loading",H2-G2,H2+G2) -> 751564 | J2: 751610 | K2: =abs(J2-H2) -> 10272 | L2: =J2-I2 -> 46 | O2: =N2-M2 -> 0 | P2: Seyi | Q2: =iferror(ifs(E:E="Loading","Outflow",or(E:E="Discharge", E:E= "Bowser Transfer"),"Inflow"), "No Data") -> Outflow
A3: 45903.663 | B3: 45903 | C3: =text(B3,"mmmm") -> September | D3: Tank 1 | E3: Loading | F3: Akachi | G3: 29545 | H3: 751610 | I3: =IF(E3="Loading",H3-G3,H3+G3) -> 722065 | J3: 722035 | K3: =abs(J3-H3) -> 29575 | L3: =J3-I3 -> -30 | O3: =N3-M3 -> 0 | P3: Chuks | Q3: =iferror(ifs(E:E="Loading","Outflow",or(E:E="Discharge", E:E= "Bowser Transfer"),"Inflow"), "No Data") -> Outflow
A4: 45903.678 | B4: 45903 | C4: =text(B4,"mmmm") -> September | D4: Tank 1 | E4: Loading | F4: Seriki | G4: 15350 | H4: 722035 | I4: =IF(E4="Loading",H4-G4,H4+G4) -> 706685 | J4: 706470 | K4: =abs(J4-H4) -> 15565 | L4: =J4-I4 -> -215 | O4: =N4-M4 -> 0 | P4: Seyi | Q4: =iferror(ifs(E:E="Loading","Outflow",or(E:E="Discharge", E:E= "Bowser Transfer"),"Inflow"), "No Data") -> Outflow
A5: 45904.197 | B5: 45904 | C5: =text(B5,"mmmm") -> September | D5: Tank 1 | E5: Loading | F5: Divine Grace | G5: 47990 | H5: 706470 | I5: =IF(E5="Loading",H5-G5,H5+G5) -> 658480 | J5: 657907 | K5: =abs(J5-H5) -> 48563 | L5: =J5-I5 -> -573 | O5: =N5-M5 -> 0 | P5: Chuks | Q5: =iferror(ifs(E:E="Loading","Outflow",or(E:E="Discharge", E:E= "Bowser Transfer"),"Inflow"), "No Data") -> Outflow
A6: 45904.413 | B6: 45904 | C6: =text(B6,"mmmm") -> September | D6: Tank 1 | E6: Loading | F6: Akachi | G6: 32081 | H6: 657907 | I6: =IF(E6="Loading",H6-G6,H6+G6) -> 625826 | J6: 625541 | K6: =abs(J6-H6) -> 32366 | L6: =J6-I6 -> -285 | O6: =N6-M6 -> 0 | P6: Seyi | Q6: =iferror(ifs(E:E="Loading","Outflow",or(E:E="Discharge", E:E= "Bowser Transfer"),"Inflow"), "No Data") -> Outflow
A7: 45904.426 | B7: 45904 | C7: =text(B7,"mmmm") -> September | D7: Tank 1 | E7: Loading | F7: Seriki | G7: 12500 | H7: 625541 | I7: =IF(E7="Loading",H7-G7,H7+G7) -> 613041 | J7: 613101 | K7: =abs(J7-H7) -> 12440 | L7: =J7-I7 -> 60 | O7: =N7-M7 -> 0 | P7: Seyi | Q7: =iferror(ifs(E:E="Loading","Outflow",or(E:E="Discharge", E:E= "Bowser Transfer"),"Inflow"), "No Data") -> Outflow
A8: 45904.488 | B8: 45903 | C8: =text(B8,"mmmm") -> September | D8: Tank 2 | E8: Loading | F8: Seriki | G8: 28620 | H8: 35325 | I8: =if(E8="Loading",H8-G8,H8+G8) -> 6705 | J8: 6664 | K8: =abs(J8-H8) -> 28661 | L8: =J8-I8 -> -41 | O8: =N8-M8 -> 0 | P8: Seyi | Q8: =iferror(ifs(E:E="Loading","Outflow",or(E:E="Discharge", E:E= "Bowser Transfer"),"Inflow"), "No Data") -> Outflow
A9: 45904.493 | B9: 45903 | C9: =text(B9,"mmmm") -> September | D9: Tank 2 | E9: Loading | F9: Akachi | G9: 6758 | H9: 6664 | I9: =if(E9="Loading",H9-G9,H9+G9) -> -94 | J9: 0 | K9: =abs(J9-H9) -> 6664 | L9: =J9-I9 -> 94 | O9: =N9-M9 -> 0 | P9: Seyi | Q9: =iferror(ifs(E:E="Loading","Outflow",or(E:E="Discharge", E:E= "Bowser Transfer"),"Inflow"), "No Data") -> Outflow
A10: 45904.652 | B10: 45904 | C10: =text(B10,"mmmm") -> September | D10: Tank 1 | E10: Loading | F10: Akachi | G10: 28321 | H10: 613101 | I10: =IF(E10="Loading",H10-G10,H10+G10) -> 584780 | J10: 584073 | K10: =abs(J10-H10) -> 29028 | L10: =J10-I10 -> -707 | O10: =N10-M10 -> 0 | P10: Seyi | Q10: =iferror(ifs(E:E="Loading","Outflow",or(E:E="Discharge", E:E= "Bowser Transfer"),"Inflow"), "No Data") -> Outflow
A11: 45905.953 | B11: 45905 | C11: =text(B11,"mmmm") -> September | D11: Tank 2 | E11: Discharge | F11: T15326LA | G11: 44910 | H11: 0 | I11: =if(E11="Loading",H11-G11,H11+G11) -> 44910 | J11: 45409 | K11: =abs(J11-H11) -> 45409 | L11: =J11-I11 -> 499 | O11: =N11-M11 -> 0 | P11: John | Q11: =iferror(ifs(E:E="Loading","Outflow",or(E:E="Discharge", E:E= "Bowser Transfer"),"Inflow"), "No Data") -> Inflow
A12: 45905.954 | B12: 45905 | C12: =text(B12,"mmmm") -> September | D12: Tank 2 | E12: Discharge | F12: T15327LA | G12: 44900 | H12: 45409 | I12: =if(E12="Loading",H12-G12,H12+G12) -> 90309 | J12: 90844 | K12: =abs(J12-H12) -> 45435 | L12: =J12-I12 -> 535 | O12: =N12-M12 -> 0 | P12: Jamiu | Q12: =iferror(ifs(E:E="Loading","Outflow",or(E:E="Discharge", E:E= "Bowser Transfer"),"Inflow"), "No Data") -> Inflow
A13: 45905.955 | B13: 45905 | C13: =text(B13,"mmmm") -> September | D13: Tank 2 | E13: Discharge | F13: T20463LA | G13: 39930 | H13: 90844 | I13: =if(E13="Loading",H13-G13,H13+G13) -> 130774 | J13: 130189 | K13: =abs(J13-H13) -> 39345 | L13: =J13-I13 -> -585 | O13: =N13-M13 -> 0 | P13: Jamiu | Q13: =iferror(ifs(E:E="Loading","Outflow",or(E:E="Discharge", E:E= "Bowser Transfer"),"Inflow"), "No Data") -> Inflow
A14: 45905.956 | B14: 45905 | C14: =text(B14,"mmmm") -> September | D14: Tank 2 | E14: Discharge | F14: ABC784XD | G14: 44880 | H14: 130189 | I14: =if(E14="Loading",H14-G14,H14+G14) -> 175069 | J14: 175612 | K14: =abs(J14-H14) -> 45423 | L14: =J14-I14 -> 543 | O14: =N14-M14 -> 0 | P14: Seyi | Q14: =iferror(ifs(E:E="Loading","Outflow",or(E:E="Discharge", E:E= "Bowser Transfer"),"Inflow"), "No Data") -> Inflow
A15: 45905.957 | B15: 45905 | C15: =text(B15,"mmmm") -> September | D15: Tank 2 | E15: Discharge | F15: T19344LA | G15: 44930 | H15: 175612 | I15: =if(E15="Loading",H15-G15,H15+G15) -> 220542 | J15: 220628 | K15: =abs(J15-H15) -> 45016 | L15: =J15-I15 -> 86 | O15: =N15-M15 -> 0 | P15: Seyi | Q15: =iferror(ifs(E:E="Loading","Outflow",or(E:E="Discharge", E:E= "Bowser Transfer"),"Inflow"), "No Data") -> Inflow
A16: 45905.959 | B16: 45905 | C16: =text(B16,"mmmm") -> September | D16: Tank 2 | E16: Discharge | F16: T19390LA | G16: 44910 | H16: 220628 | I16: =if(E16="Loading",H16-G16,H16+G16) -> 265538 | J16: 265540 | K16: =abs(J16-H16) -> 44912 | L16: =J16-I16 -> 2 | O16: =N16-M16 -> 0 | P16: Chuks | Q16: =iferror(ifs(E:E="Loading","Outflow",or(E:E="Discharge", E:E= "Bowser Transfer"),"Inflow"), "No Data") -> Inflow
A17: 45905.982 | B17: 45905 | C17: =text(B17,"mmmm") -> September | D17: Tank 2 | E17: Discharge | F17: T15325LA | G17: 44900 | H17: 265540 | I17: =if(E17="Loading",H17-G17,H17+G17) -> 310440 | J17: 310349 | K17: =abs(J17-H17) -> 44809 | L17: =J17-I17 -> -91 | O17: =N17-M17 -> 0 | P17: Chuks | Q17: =iferror(ifs(E:E="Loading","Outflow",or(E:E="Discharge", E:E= "Bowser Transfer"),"Inflow"), "No Data") -> Inflow
A18: 45906.035 | B18: 45905 | C18: =text(B18,"mmmm") -> September | D18: Tank 2 | E18: Discharge | F18: T19345LA | G18: 44900 | H18: 310349 | I18: =if(E18="Loading",H18-G18,H18+G18) -> 355249 | J18: 354961 | K18: =abs(J18-H18) -> 44612 | L18: =J18-I18 -> -288 | O18: =N18-M18 -> 0 | P18: Chuks | Q18: =iferror(ifs(E:E="Loading","Outflow",or(E:E="Discharge", E:E= "Bowser Transfer"),"Inflow"), "No Data") -> Inflow
A19: 45906.122 | B19: 45905 | C19: =text(B19,"mmmm") -> September | D19: Tank 2 | E19: Discharge | F19: KMC128ZQ | G19: 44900 | H19: 354961 | I19: =if(E19="Loading",H19-G19,H19+G19) -> 399861 | J19: 400097 | K19: =abs(J19-H19) -> 45136 | L19: =J19-I19 -> 236 | O19: =N19-M19 -> 0 | P19: Chuks | Q19: =iferror(ifs(E:E="Loading","Outflow",or(E:E="Discharge", E:E= "Bowser Transfer"),"Inflow"), "No Data") -> Inflow
A20: 45906.153 | B20: 45905 | C20: =text(B20,"mmmm") -> September | D20: Tank 1 | E20: Loading | F20: Akachi | G20: 26524 | H20: 581896 | I20: =IF(E20="Loading",H20-G20,H20+G20) -> 555372 | J20: 555150 | K20: =abs(J20-H20) -> 26746 | L20: =J20-I20 -> -222 | O20: =N20-M20 -> 0 | P20: John | Q20: =iferror(ifs(E:E="Loading","Outflow",or(E:E="Discharge", E:E= "Bowser Transfer"),"Inflow"), "No Data") -> Outflow
A21: 45906.154 | B21: 45905 | C21: =text(B21,"mmmm") -> September | D21: Tank 1 | E21: Loading | F21: Seriki | G21: 14120 | H21: 555150 | I21: =IF(E21="Loading",H21-G21,H21+G21) -> 541030 | J21: 541880 | K21: =abs(J21-H21) -> 13270 | L21: =J21-I21 -> 850 | O21: =N21-M21 -> 0 | P21: John | Q21: =iferror(ifs(E:E="Loading","Outflow",or(E:E="Discharge", E:E= "Bowser Transfer"),"Inflow"), "No Data") -> Outflow
A22: 45906.155 | B22: 45905 | C22: =text(B22,"mmmm") -> September | D22: Tank 1 | E22: Loading | F22: Akachi | G22: 32618 | H22: 541880 | I22: =IF(E22="Loading",H22-G22,H22+G22) -> 509262 | J22: 509224 | K22: =abs(J22-H22) -> 32656 | L22: =J22-I22 -> -38 | O22: =N22-M22 -> 0 | P22: John | Q22: =iferror(ifs(E:E="Loading","Outflow",or(E:E="Discharge", E:E= "Bowser Transfer"),"Inflow"), "No Data") -> Outflow
A23: 45906.156 | B23: 45905 | C23: =text(B23,"mmmm") -> September | D23: Tank 1 | E23: Loading | F23: Seriki | G23: 29540 | H23: 509224 | I23: =IF(E23="Loading",H23-G23,H23+G23) -> 479684 | J23: 479367 | K23: =abs(J23-H23) -> 29857 | L23: =J23-I23 -> -317 | O23: =N23-M23 -> 0 | P23: Chuks | Q23: =iferror(ifs(E:E="Loading","Outflow",or(E:E="Discharge", E:E= "Bowser Transfer"),"Inflow"), "No Data") -> Outflow
A24: 45906.831 | B24: 45906 | C24: =text(B24,"mmmm") -> September | D24: Tank 1 | E24: Loading | F24: Akachi | G24: 26016 | H24: 479367 | I24: =IF(E24="Loading",H24-G24,H24+G24) -> 453351 | J24: 453359 | K24: =abs(J24-H24) -> 26008 | L24: =J24-I24 -> 8 | O24: =N24-M24 -> 0 | P24: Jamiu | Q24: =iferror(ifs(E:E="Loading","Outflow",or(E:E="Discharge", E:E= "Bowser Transfer"),"Inflow"), "No Data") -> Outflow
A25: 45906.832 | B25: 45906 | C25: =text(B25,"mmmm") -> September | D25: Tank 1 | E25: Loading | F25: Seriki | G25: 18010 | H25: 453359 | I25: =IF(E25="Loading",H25-G25,H25+G25) -> 435349 | J25: 435537 | K25: =abs(J25-H25) -> 17822 | L25: =J25-I25 -> 188 | O25: =N25-M25 -> 0 | P25: Jamiu | Q25: =iferror(ifs(E:E="Loading","Outflow",or(E:E="Discharge", E:E= "Bowser Transfer"),"Inflow"), "No Data") -> Outflow
A26: 45906.983 | B26: 45906 | C26: =text(B26,"mmmm") -> September | D26: Tank 2 | E26: Discharge | F26: FKJ21XJ | G26: 44840 | H26: 445440 | I26: =if(E26="Loading",H26-G26,H26+G26) -> 490280 | J26: 489547 | K26: =abs(J26-H26) -> 44107 | L26: =J26-I26 -> -733 | O26: =N26-M26 -> 0 | P26: Jamiu | Q26: =iferror(ifs(E:E="Loading","Outflow",or(E:E="Discharge", E:E= "Bowser Transfer"),"Inflow"), "No Data") -> Inflow
A27: 45906.987 | B27: 45906 | C27: =text(B27,"mmmm") -> September | D27: Tank 2 | E27: Discharge | F27: KAF75XE | G27: 44710 | H27: 489547 | I27: =if(E27="Loading",H27-G27,H27+G27) -> 534257 | J27: 534353 | K27: =abs(J27-H27) -> 44806 | L27: =J27-I27 -> 96 | O27: =N27-M27 -> 0 | P27: Jamiu | Q27: =iferror(ifs(E:E="Loading","Outflow",or(E:E="Discharge", E:E= "Bowser Transfer"),"Inflow"), "No Data") -> Inflow
A28: 45906.988 | B28: 45906 | C28: =text(B28,"mmmm") -> September | D28: Tank 2 | E28: Discharge | F28: T20959LA | G28: 44830 | H28: 534353 | I28: =if(E28="Loading",H28-G28,H28+G28) -> 579183 | J28: 579603 | K28: =abs(J28-H28) -> 45250 | L28: =J28-I28 -> 420 | O28: =N28-M28 -> 0 | P28: Jamiu | Q28: =iferror(ifs(E:E="Loading","Outflow",or(E:E="Discharge", E:E= "Bowser Transfer"),"Inflow"), "No Data") -> Inflow
A29: 45906.989 | B29: 45906 | C29: =text(B29,"mmmm") -> September | D29: Tank 1 | E29: Discharge | F29: T6707LA | G29: 39900 | H29: 435537 | I29: =if(E29="Loading",H29-G29,H29+G29) -> 475437 | J29: 475741 | K29: =abs(J29-H29) -> 40204 | L29: =J29-I29 -> 304 | O29: =N29-M29 -> 0 | P29: Jamiu | Q29: =iferror(ifs(E:E="Loading","Outflow",or(E:E="Discharge", E:E= "Bowser Transfer"),"Inflow"), "No Data") -> Inflow
A30: 45907.173 | B30: 45906 | C30: =text(B30,"mmmm") -> September | D30: Tank 1 | E30: Discharge | F30: T15327LA | G30: 44850 | H30: 475741 | I30: =if(E30="Loading",H30-G30,H30+G30) -> 520591 | J30: 519902 | K30: =abs(J30-H30) -> 44161 | L30: =J30-I30 -> -689 | O30: =N30-M30 -> 0 | P30: Chuks | Q30: =iferror(ifs(E:E="Loading","Outflow",or(E:E="Discharge", E:E= "Bowser Transfer"),"Inflow"), "No Data") -> Inflow
A31: 45907.174 | B31: 45906 | C31: =text(B31,"mmmm") -> September | D31: Tank 1 | E31: Discharge | F31: FKJ21XJ | G31: 44900 | H31: 519902 | I31: =if(E31="Loading",H31-G31,H31+G31) -> 564802 | J31: 564583 | K31: =abs(J31-H31) -> 44681 | L31: =J31-I31 -> -219 | O31: =N31-M31 -> 0 | P31: Seyi | Q31: =iferror(ifs(E:E="Loading","Outflow",or(E:E="Discharge", E:E= "Bowser Transfer"),"Inflow"), "No Data") -> Inflow
A32: 45907.217 | B32: 45906 | C32: =text(B32,"mmmm") -> September | D32: Tank 1 | E32: Discharge | F32: T15326LA | G32: 44910 | H32: 564583 | I32: =if(E32="Loading",H32-G32,H32+G32) -> 609493 | J32: 609473 | K32: =abs(J32-H32) -> 44890 | L32: =J32-I32 -> -20 | O32: =N32-M32 -> 0 | P32: Chuks | Q32: =iferror(ifs(E:E="Loading","Outflow",or(E:E="Discharge", E:E= "Bowser Transfer"),"Inflow"), "No Data") -> Inflow
A33: 45909.909 | B33: 45907 | C33: =text(B33,"mmmm") -> September | D33: Tank 1 | E33: Discharge | F33: T19345LA | G33: 40890 | H33: 609473 | I33: =if(E33="Loading",H33-G33,H33+G33) -> 650363 | J33: 650435 | K33: =abs(J33-H33) -> 40962 | L33: =J33-I33 -> 72 | O33: =N33-M33 -> 0 | P33: Bode | Q33: =iferror(ifs(E:E="Loading","Outflow",or(E:E="Discharge", E:E= "Bowser Transfer"),"Inflow"), "No Data") -> Inflow
A34: 45909.912 | B34: 45907 | C34: =text(B34,"mmmm") -> September | D34: Tank 1 | E34: Loading | F34: Seriki | G34: 13560 | H34: 650435 | I34: =if(E34="Loading",H34-G34,H34+G34) -> 636875 | J34: 636634 | K34: =abs(J34-H34) -> 13801 | L34: =J34-I34 -> -241 | O34: =N34-M34 -> 0 | P34: Bode | Q34: =iferror(ifs(E:E="Loading","Outflow",or(E:E="Discharge", E:E= "Bowser Transfer"),"Inflow"), "No Data") -> Outflow
A35: 45909.916 | B35: 45907 | C35: =text(B35,"mmmm") -> September | D35: Tank 1 | E35: Loading | F35: Akachi | G35: 31019 | H35: 636634 | I35: =if(E35="Loading",H35-G35,H35+G35) -> 605615 | J35: 605637 | K35: =abs(J35-H35) -> 30997 | L35: =J35-I35 -> 22 | O35: =N35-M35 -> 0 | P35: Bode | Q35: =iferror(ifs(E:E="Loading","Outflow",or(E:E="Discharge", E:E= "Bowser Transfer"),"Inflow"), "No Data") -> Outflow
A36: 45909.918 | B36: 45907 | C36: =text(B36,"mmmm") -> September | D36: Tank 1 | E36: Loading | F36: Akachi | G36: 31012 | H36: 605637 | I36: =if(E36="Loading",H36-G36,H36+G36) -> 574625 | J36: 574639 | K36: =abs(J36-H36) -> 30998 | L36: =J36-I36 -> 14 | O36: =N36-M36 -> 0 | P36: Bode | Q36: =iferror(ifs(E:E="Loading","Outflow",or(E:E="Discharge", E:E= "Bowser Transfer"),"Inflow"), "No Data") -> Outflow
A37: 45909.919 | B37: 45907 | C37: =text(B37,"mmmm") -> September | D37: Tank 1 | E37: Loading | F37: Seriki | G37: 12070 | H37: 574639 | I37: =if(E37="Loading",H37-G37,H37+G37) -> 562569 | J37: 562614 | K37: =abs(J37-H37) -> 12025 | L37: =J37-I37 -> 45 | O37: =N37-M37 -> 0 | P37: John | Q37: =iferror(ifs(E:E="Loading","Outflow",or(E:E="Discharge", E:E= "Bowser Transfer"),"Inflow"), "No Data") -> Outflow
... A45: 45910.666 | B45: 45908 | C45: =text(B45,"mmmm") -> September | D45: Tank 2 | E45: Loading | F45: Sultan | G45: 52880 | H45: 461523 | I45: =if(E45="Loading",H45-G45,H45+G45) -> 408643 | J45: 408294 | K45: =abs(J45-H45) -> 53229 | L45: =J45-I45 -> -349 | O45: =N45-M45 -> 0 | P45: John | Q45: =iferror(ifs(E:E="Loading","Outflow",or(E:E="Discharge", E:E= "Bowser Transfer"),"Inflow"), "No Data") -> Outflow
A46: 45910.667 | B46: 45908 | C46: =text(B46,"mmmm") -> September | D46: Tank 2 | E46: Loading | F46: Odogwu | G46: 39560 | H46: 408294 | I46: =if(E46="Loading",H46-G46,H46+G46) -> 368734 | J46: 368657 | K46: =abs(J46-H46) -> 39637 | L46: =J46-I46 -> -77 | M46: 1114 | N46: 41009 | O46: =N46-M46 -> 39895 | P46: John | Q46: =iferror(ifs(E:E="Loading","Outflow",or(E:E="Discharge", E:E= "Bowser Transfer"),"Inflow"), "No Data") -> Outflow
A47: 45910.67 | B47: 45908 | C47: =text(B47,"mmmm") -> September | D47: Tank 2 | E47: Loading | F47: Sultan | G47: 54240 | H47: 368657 | I47: =if(E47="Loading",H47-G47,H47+G47) -> 314417 | J47: 314498 | K47: =abs(J47-H47) -> 54159 | L47: =J47-I47 -> 81 | O47: =N47-M47 -> 0 | P47: John | Q47: =iferror(ifs(E:E="Loading","Outflow",or(E:E="Discharge", E:E= "Bowser Transfer"),"Inflow"), "No Data") -> Outflow
A48: 45910.672 | B48: 45909 | C48: =text(B48,"mmmm") -> September | D48: Tank 2 | E48: Loading | F48: Adeyemi | G48: 54210 | H48: 314498 | I48: =if(E48="Loading",H48-G48,H48+G48) -> 260288 | J48: 259628 | K48: =abs(J48-H48) -> 54870 | L48: =J48-I48 -> -660 | O48: =N48-M48 -> 0 | P48: Seyi | Q48: =iferror(ifs(E:E="Loading","Outflow",or(E:E="Discharge", E:E= "Bowser Transfer"),"Inflow"), "No Data") -> Outflow
A49: 45910.674 | B49: 45909 | C49: =text(B49,"mmmm") -> September | D49: Tank 1 | E49: Loading | F49: Divine Grace | G49: 30510 | H49: 692877 | I49: =if(E49="Loading",H49-G49,H49+G49) -> 662367 | J49: 662058 | K49: =abs(J49-H49) -> 30819 | L49: =J49-I49 -> -309 | O49: =N49-M49 -> 0 | P49: Ini | Q49: =iferror(ifs(E:E="Loading","Outflow",or(E:E="Discharge", E:E= "Bowser Transfer"),"Inflow"), "No Data") -> Outflow
A50: 45910.675 | B50: 45909 | C50: =text(B50,"mmmm") -> September | D50: Tank 1 | E50: Loading | F50: Seriki | G50: 23010 | H50: 662058 | I50: =if(E50="Loading",H50-G50,H50+G50) -> 639048 | J50: 638918 | K50: =abs(J50-H50) -> 23140 | L50: =J50-I50 -> -130 | O50: =N50-M50 -> 0 | P50: Ini | Q50: =iferror(ifs(E:E="Loading","Outflow",or(E:E="Discharge", E:E= "Bowser Transfer"),"Inflow"), "No Data") -> Outflow
A51: 45910.676 | B51: 45909 | C51: =text(B51,"mmmm") -> September | D51: Tank 1 | E51: Discharge | F51: T6707LA | G51: 39920 | H51: 638918 | I51: =if(E51="Loading",H51-G51,H51+G51) -> 678838 | J51: 678867 | K51: =abs(J51-H51) -> 39949 | L51: =J51-I51 -> 29 | O51: =N51-M51 -> 0 | P51: Bode | Q51: =iferror(ifs(E:E="Loading","Outflow",or(E:E="Discharge", E:E= "Bowser Transfer"),"Inflow"), "No Data") -> Inflow
A52: 45910.678 | B52: 45909 | C52: =text(B52,"mmmm") -> September | D52: Tank 1 | E52: Loading | F52: Sultan | G52: 21070 | H52: 678867 | I52: =if(E52="Loading",H52-G52,H52+G52) -> 657797 | J52: 657596 | K52: =abs(J52-H52) -> 21271 | L52: =J52-I52 -> -201 | O52: =N52-M52 -> 0 | P52: Bode | Q52: =iferror(ifs(E:E="Loading","Outflow",or(E:E="Discharge", E:E= "Bowser Transfer"),"Inflow"), "No Data") -> Outflow
A53: 45910.679 | B53: 45909 | C53: =text(B53,"mmmm") -> September | D53: Tank 1 | E53: Loading | F53: T22687LA (Abuja) | G53: 50000 | H53: 657596 | I53: =if(E53="Loading",H53-G53,H53+G53) -> 607596 | J53: 607503 | K53: =abs(J53-H53) -> 50093 | L53: =J53-I53 -> -93 | O53: =N53-M53 -> 0 | P53: Ini | Q53: =iferror(ifs(E:E="Loading","Outflow",or(E:E="Discharge", E:E= "Bowser Transfer"),"Inflow"), "No Data") -> Outflow
A54: 45910.68 | B54: 45909 | C54: =text(B54,"mmmm") -> September | D54: Tank 1 | E54: Loading | F54: Adeyemi | G54: 53020 | H54: 607503 | I54: =if(E54="Loading",H54-G54,H54+G54) -> 554483 | J54: 554424 | K54: =abs(J54-H54) -> 53079 | L54: =J54-I54 -> -59 | O54: =N54-M54 -> 0 | P54: Ini | Q54: =iferror(ifs(E:E="Loading","Outflow",or(E:E="Discharge", E:E= "Bowser Transfer"),"Inflow"), "No Data") -> Outflow
A55: 45910.682 | B55: 45909 | C55: =text(B55,"mmmm") -> September | D55: Tank 1 | E55: Loading | F55: Sultan | G55: 28030 | H55: 554424 | I55: =if(E55="Loading",H55-G55,H55+G55) -> 526394 | J55: 526433 | K55: =abs(J55-H55) -> 27991 | L55: =J55-I55 -> 39 | O55: =N55-M55 -> 0 | P55: Ini | Q55: =iferror(ifs(E:E="Loading","Outflow",or(E:E="Discharge", E:E= "Bowser Transfer"),"Inflow"), "No Data") -> Outflow
A56: 45910.845 | B56: 45910 | C56: =text(B56,"mmmm") -> September | D56: Tank 1 | E56: Loading | F56: Divine Grace | G56: 40510 | H56: 526433 | I56: =if(E56="Loading",H56-G56,H56+G56) -> 485923 | J56: 485898 | K56: =abs(J56-H56) -> 40535 | L56: =J56-I56 -> -25 | O56: =N56-M56 -> 0 | P56: Seyi | Q56: =iferror(ifs(E:E="Loading","Outflow",or(E:E="Discharge", E:E= "Bowser Transfer"),"Inflow"), "No Data") -> Outflow
A57: 45910.847 | B57: 45910 | C57: =text(B57,"mmmm") -> September | D57: Tank 1 | E57: Loading | F57: T23544LA (Abuja) | G57: 50000 | H57: 485898 | I57: =if(E57="Loading",H57-G57,H57+G57) -> 435898 | J57: 435848 | K57: =abs(J57-H57) -> 50050 | L57: =J57-I57 -> -50 | O57: =N57-M57 -> 0 | P57: Seyi | Q57: =iferror(ifs(E:E="Loading","Outflow",or(E:E="Discharge", E:E= "Bowser Transfer"),"Inflow"), "No Data") -> Outflow
A58: 45910.848 | B58: 45910 | C58: =text(B58,"mmmm") -> September | D58: Tank 1 | E58: Loading | F58: Adeyemi | G58: 48190 | H58: 435848 | I58: =if(E58="Loading",H58-G58,H58+G58) -> 387658 | J58: 387666 | K58: =abs(J58-H58) -> 48182 | L58: =J58-I58 -> 8 | O58: =N58-M58 -> 0 | P58: Seyi | Q58: =iferror(ifs(E:E="Loading","Outflow",or(E:E="Discharge", E:E= "Bowser Transfer"),"Inflow"), "No Data") -> Outflow
A59: 45910.859 | B59: 45910 | C59: =text(B59,"mmmm") -> September | D59: Tank 1 | E59: Loading | F59: Seriki | G59: 29050 | H59: 387666 | I59: =if(E59="Loading",H59-G59,H59+G59) -> 358616 | J59: 358445 | K59: =abs(J59-H59) -> 29221 | L59: =J59-I59 -> -171 | M59: 957 | N59: 30141 | O59: =N59-M59 -> 29184 | P59: Bode | Q59: =iferror(ifs(E:E="Loading","Outflow",or(E:E="Discharge", E:E= "Bowser Transfer"),"Inflow"), "No Data") -> Outflow
A60: 45918.086 | B60: 45910 | C60: =text(B60,"mmmm") -> September | D60: Tank 1 | E60: Loading | F60: Divine Grace | G60: 32520 | H60: 358445 | I60: =if(E60="Loading",H60-G60,H60+G60) -> 325925 | J60: 325806 | K60: =abs(J60-H60) -> 32639 | L60: =J60-I60 -> -119 | M60: 22407 | N60: 55378 | O60: =N60-M60 -> 32971 | P60: Bode | Q60: =iferror(ifs(E:E="Loading","Outflow",or(E:E="Discharge", E:E= "Bowser Transfer"),"Inflow"), "No Data") -> Outflow
A61: 45918.088 | B61: 45910 | C61: =text(B61,"mmmm") -> September | D61: Tank 1 | E61: Loading | F61: Adeyemi | G61: 43030 | H61: 325806 | I61: =if(E61="Loading",H61-G61,H61+G61) -> 282776 | J61: 282716 | K61: =abs(J61-H61) -> 43090 | L61: =J61-I61 -> -60 | M61: 11967 | N61: 54596 | O61: =N61-M61 -> 42629 | P61: Ini | Q61: =iferror(ifs(E:E="Loading","Outflow",or(E:E="Discharge", E:E= "Bowser Transfer"),"Inflow"), "No Data") -> Outflow
A62: 45918.09 | B62: 45910 | C62: =text(B62,"mmmm") -> September | D62: Tank 1 | E62: Loading | F62: Akachi | G62: 18207 | H62: 282716 | I62: =if(E62="Loading",H62-G62,H62+G62) -> 264509 | J62: 264589 | K62: =abs(J62-H62) -> 18127 | L62: =J62-I62 -> 80 | M62: 16731 | N62: 35211 | O62: =N62-M62 -> 18480 | P62: Bode | Q62: =iferror(ifs(E:E="Loading","Outflow",or(E:E="Discharge", E:E= "Bowser Transfer"),"Inflow"), "No Data") -> Outflow
A63: 45918.093 | B63: 45911 | C63: =text(B63,"mmmm") -> September | D63: Tank 1 | E63: Loading | F63: Adeyemi | G63: 41870 | H63: 264589 | I63: =if(E63="Loading",H63-G63,H63+G63) -> 222719 | J63: 222432 | K63: =abs(J63-H63) -> 42157 | L63: =J63-I63 -> -287 | M63: 13397 | N63: 55809 | O63: =N63-M63 -> 42412 | P63: John | Q63: =iferror(ifs(E:E="Loading","Outflow",or(E:E="Discharge", E:E= "Bowser Transfer"),"Inflow"), "No Data") -> Outflow
A64: 45918.096 | B64: 45911 | C64: =text(B64,"mmmm") -> September | D64: Tank 1 | E64: Loading | F64: Divine Grace | G64: 43270 | H64: 222432 | I64: =if(E64="Loading",H64-G64,H64+G64) -> 179162 | J64: 178929 | K64: =abs(J64-H64) -> 43503 | L64: =J64-I64 -> -233 | M64: 12179 | N64: 55611 | O64: =N64-M64 -> 43432 | P64: John | Q64: =iferror(ifs(E:E="Loading","Outflow",or(E:E="Discharge", E:E= "Bowser Transfer"),"Inflow"), "No Data") -> Outflow
A65: 45918.101 | B65: 45911 | C65: =text(B65,"mmmm") -> September | D65: Tank 1 | E65: Loading | F65: Akachi | G65: 32608 | H65: 178929 | I65: =if(E65="Loading",H65-G65,H65+G65) -> 146321 | J65: 146197 | K65: =abs(J65-H65) -> 32732 | L65: =J65-I65 -> -124 | M65: 2432 | N65: 35211 | O65: =N65-M65 -> 32779 | P65: Chuks | Q65: =iferror(ifs(E:E="Loading","Outflow",or(E:E="Discharge", E:E= "Bowser Transfer"),"Inflow"), "No Data") -> Outflow
A66: 45918.104 | B66: 45912 | C66: =text(B66,"mmmm") -> September | D66: Tank 1 | E66: Loading | F66: Seriki | G66: 8550 | H66: 146197 | I66: =if(E66="Loading",H66-G66,H66+G66) -> 137647 | J66: 137599 | K66: =abs(J66-H66) -> 8598 | L66: =J66-I66 -> -48 | M66: 21508 | N66: 30141 | O66: =N66-M66 -> 8633 | P66: John | Q66: =iferror(ifs(E:E="Loading","Outflow",or(E:E="Discharge", E:E= "Bowser Transfer"),"Inflow"), "No Data") -> Outflow
A67: 45918.106 | B67: 45912 | C67: =text(B67,"mmmm") -> September | D67: Tank 1 | E67: Loading | F67: Seriki | G67: 15950 | H67: 137599 | I67: =if(E67="Loading",H67-G67,H67+G67) -> 121649 | J67: 120921 | K67: =abs(J67-H67) -> 16678 | L67: =J67-I67 -> -728 | M67: 14436 | N67: 31288 | O67: =N67-M67 -> 16852 | P67: John | Q67: =iferror(ifs(E:E="Loading","Outflow",or(E:E="Discharge", E:E= "Bowser Transfer"),"Inflow"), "No Data") -> Outflow
A68: 45918.107 | B68: 45912 | C68: =text(B68,"mmmm") -> September | D68: Tank 1 | E68: Loading | F68: Adeyemi | G68: 39440 | H68: 120921 | I68: =if(E68="Loading",H68-G68,H68+G68) -> 81481 | J68: 81085 | K68: =abs(J68-H68) -> 39836 | L68: =J68-I68 -> -396 | M68: 15742 | N68: 55809 | O68: =N68-M68 -> 40067 | P68: John | Q68: =iferror(ifs(E:E="Loading","Outflow",or(E:E="Discharge", E:E= "Bowser Transfer"),"Inflow"), "No Data") -> Outflow
A69: 45918.109 | B69: 45912 | C69: =text(B69,"mmmm") -> September | D69: Tank 1 | E69: Loading | F69: Sultan | G69: 33020 | H69: 81085 | I69: =if(E69="Loading",H69-G69,H69+G69) -> 48065 | J69: 47959 | K69: =abs(J69-H69) -> 33126 | L69: =J69-I69 -> -106 | M69: 22022 | N69: 55198 | O69: =N69-M69 -> 33176 | P69: John | Q69: =iferror(ifs(E:E="Loading","Outflow",or(E:E="Discharge", E:E= "Bowser Transfer"),"Inflow"), "No Data") -> Outflow
A70: 45918.111 | B70: 45912 | C70: =text(B70,"mmmm") -> September | D70: Tank 1 | E70: Loading | F70: Akachi | G70: 27510 | H70: 47959 | I70: =if(E70="Loading",H70-G70,H70+G70) -> 20449 | J70: 20345 | K70: =abs(J70-H70) -> 27614 | L70: =J70-I70 -> -104 | M70: 7646 | N70: 35323 | O70: =N70-M70 -> 27677 | P70: John | Q70: =iferror(ifs(E:E="Loading","Outflow",or(E:E="Discharge", E:E= "Bowser Transfer"),"Inflow"), "No Data") -> Outflow
... A95: 45919.361 | B95: 45918 | C95: =text(B95,"mmmm") -> September | D95: Tank 3 | E95: Loading | F95: Akachi | G95: 15127 | H95: 283732 | I95: =if(E95="Loading",H95-G95,H95+G95) -> 268605 | J95: 268642 | K95: =abs(J95-H95) -> 15090 | L95: =J95-I95 -> 37 | M95: 19989 | N95: 35161 | O95: =N95-M95 -> 15172 | P95: Seyi | Q95: =iferror(ifs(E:E="Loading","Outflow",or(E:E="Discharge", E:E= "Bowser Transfer"),"Inflow"), "No Data") -> Outflow
C96: =text(B96,"mmmm") -> December | I96: =if(E96="Loading",H96-G96,H96+G96) -> 0 | K96: =abs(J96-H96) -> 0 | L96: =J96-I96 -> 0 | O96: =N96-M96 -> 0 | Q96: =iferror(ifs(E:E="Loading","Outflow",or(E:E="Discharge", E:E= "Bowser Transfer"),"Inflow"), "No Data") -> No Data
C97: =text(B97,"mmmm") -> December | I97: =if(E97="Loading",H97-G97,H97+G97) -> 0 | K97: =abs(J97-H97) -> 0 | L97: =J97-I97 -> 0 | O97: =N97-M97 -> 0 | Q97: =iferror(ifs(E:E="Loading","Outflow",or(E:E="Discharge", E:E= "Bowser Transfer"),"Inflow"), "No Data") -> No Data
C98: =text(B98,"mmmm") -> December | I98: =if(E98="Loading",H98-G98,H98+G98) -> 0 | K98: =abs(J98-H98) -> 0 | L98: =J98-I98 -> 0 | O98: =N98-M98 -> 0 | Q98: =iferror(ifs(E:E="Loading","Outflow",or(E:E="Discharge", E:E= "Bowser Transfer"),"Inflow"), "No Data") -> No Data
C99: =text(B99,"mmmm") -> December | I99: =if(E99="Loading",H99-G99,H99+G99) -> 0 | K99: =abs(J99-H99) -> 0 | L99: =J99-I99 -> 0 | O99: =N99-M99 -> 0 | Q99: =iferror(ifs(E:E="Loading","Outflow",or(E:E="Discharge", E:E= "Bowser Transfer"),"Inflow"), "No Data") -> No Data
C100: =text(B100,"mmmm") -> December | I100: =if(E100="Loading",H100-G100,H100+G100) -> 0 | K100: =abs(J100-H100) -> 0 | L100: =J100-I100 -> 0 | O100: =N100-M100 -> 0 | Q100: =iferror(ifs(E:E="Loading","Outflow",or(E:E="Discharge", E:E= "Bowser Transfer"),"Inflow"), "No Data") -> No Data
C101: =text(B101,"mmmm") -> December | I101: =if(E101="Loading",H101-G101,H101+G101) -> 0 | K101: =abs(J101-H101) -> 0 | L101: =J101-I101 -> 0 | O101: =N101-M101 -> 0 | Q101: =iferror(ifs(E:E="Loading","Outflow",or(E:E="Discharge", E:E= "Bowser Transfer"),"Inflow"), "No Data") -> No Data
C102: =text(B102,"mmmm") -> December | I102: =if(E102="Loading",H102-G102,H102+G102) -> 0 | K102: =abs(J102-H102) -> 0 | L102: =J102-I102 -> 0 | O102: =N102-M102 -> 0 | Q102: =iferror(ifs(E:E="Loading","Outflow",or(E:E="Discharge", E:E= "Bowser Transfer"),"Inflow"), "No Data") -> No Data
C103: =text(B103,"mmmm") -> December | I103: =if(E103="Loading",H103-G103,H103+G103) -> 0 | K103: =abs(J103-H103) -> 0 | L103: =J103-I103 -> 0 | O103: =N103-M103 -> 0 | Q103: =iferror(ifs(E:E="Loading","Outflow",or(E:E="Discharge", E:E= "Bowser Transfer"),"Inflow"), "No Data") -> No Data
C104: =text(B104,"mmmm") -> December | I104: =if(E104="Loading",H104-G104,H104+G104) -> 0 | K104: =abs(J104-H104) -> 0 | L104: =J104-I104 -> 0 | O104: =N104-M104 -> 0 | Q104: =iferror(ifs(E:E="Loading","Outflow",or(E:E="Discharge", E:E= "Bowser Transfer"),"Inflow"), "No Data") -> No Data

Sheet Sheet7
A1: TANK 1 | H1: TANK 2 | O1: TANK 3
A2: Timestamp | B2: Date | C2: Opening | D2: Closing | E2: Chronological | F2: Difference | H2: Timestamp | I2: Date | J2: Opening | K2: Closing | L2: Chronological | M2: Difference | O2: Timestamp | P2: Date | Q2: Opening | R2: Closing | S2: Chronological | T2: Difference
A3: =IFERROR(__xludf.DUMMYFUNCTION("FILTER(TSM!A:A,TSM!D:D=""Tank 1"")"),45903.44634259259) -> 45903.446 | B3: =IFERROR(vlookup(A3,TSM!A:Q,2,FALSE),"") -> 45903 | C3: =IFERROR(vlookup(A3,TSM!A:Q,8,FALSE),"") -> 761882 | D3: =IFERROR(vlookup(A3,TSM!A:Q,10,FALSE),"") -> 751610 | E3: =IF(D3=C4,"Yes","No") -> Yes | H3: =IFERROR(__xludf.DUMMYFUNCTION("FILTER(TSM!A:A,TSM!D:D=""Tank 2"")"),45904.48778946759) -> 45904.488 | I3: =IFERROR(vlookup(H3,TSM!A:Q,2,FALSE),"") -> 45903 | J3: =IFERROR(vlookup(H3,TSM!A:Q,8,FALSE),"") -> 35325 | K3: =IFERROR(vlookup(H3,TSM!A:Q,10,FALSE),"") -> 6664 | O3: =IFERROR(__xludf.DUMMYFUNCTION("FILTER(TSM!A:A,TSM!D:D=""Tank 3"")"),45918.44073945602) -> 45918.441 | P3: =IFERROR(vlookup(O3,TSM!A:Q,2,FALSE),"") -> 45915 | Q3: =IFERROR(vlookup(O3,TSM!A:Q,8,FALSE),"") -> 632469 | R3: =IFERROR(vlookup(O3,TSM!A:Q,10,FALSE),"") -> 608057
A4: =IFERROR(__xludf.DUMMYFUNCTION("""COMPUTED_VALUE"""),45903.663402777776) -> 45903.663 | B4: =IFERROR(vlookup(A4,TSM!A:Q,2,FALSE),"") -> 45903 | C4: =IFERROR(vlookup(A4,TSM!A:Q,8,FALSE),"") -> 751610 | D4: =IFERROR(vlookup(A4,TSM!A:Q,10,FALSE),"") -> 722035 | E4: =IF(D3=C4,"Yes","No") -> Yes | F4: =C4-D3 -> 0 | H4: =IFERROR(__xludf.DUMMYFUNCTION("""COMPUTED_VALUE"""),45904.49286761574) -> 45904.493 | I4: =IFERROR(vlookup(H4,TSM!A:Q,2,FALSE),"") -> 45903 | J4: =IFERROR(vlookup(H4,TSM!A:Q,8,FALSE),"") -> 6664 | K4: =IFERROR(vlookup(H4,TSM!A:Q,10,FALSE),"") -> 0 | L4: =IF(K3=J4,"Yes","No") -> Yes | M4: =J4-K3 -> 0 | O4: =IFERROR(__xludf.DUMMYFUNCTION("""COMPUTED_VALUE"""),45918.444725520836) -> 45918.445 | P4: =IFERROR(vlookup(O4,TSM!A:Q,2,FALSE),"") -> 45915 | Q4: =IFERROR(vlookup(O4,TSM!A:Q,8,FALSE),"") -> 608057 | R4: =IFERROR(vlookup(O4,TSM!A:Q,10,FALSE),"") -> 568130 | S4: =IF(R3=Q4,"Yes","No") -> Yes | T4: =R3-Q4 -> 0
A5: =IFERROR(__xludf.DUMMYFUNCTION("""COMPUTED_VALUE"""),45903.67787037037) -> 45903.678 | B5: =IFERROR(vlookup(A5,TSM!A:Q,2,FALSE),"") -> 45903 | C5: =IFERROR(vlookup(A5,TSM!A:Q,8,FALSE),"") -> 722035 | D5: =IFERROR(vlookup(A5,TSM!A:Q,10,FALSE),"") -> 706470 | E5: =IF(D4=C5,"Yes","No") -> Yes | F5: =C5-D4 -> 0 | H5: =IFERROR(__xludf.DUMMYFUNCTION("""COMPUTED_VALUE"""),45905.95327612269) -> 45905.953 | I5: =IFERROR(vlookup(H5,TSM!A:Q,2,FALSE),"") -> 45905 | J5: =IFERROR(vlookup(H5,TSM!A:Q,8,FALSE),"") -> 0 | K5: =IFERROR(vlookup(H5,TSM!A:Q,10,FALSE),"") -> 45409 | L5: =IF(K4=J5,"Yes","No") -> Yes | M5: =J5-K4 -> 0 | O5: =IFERROR(__xludf.DUMMYFUNCTION("""COMPUTED_VALUE"""),45918.44706958333) -> 45918.447 | P5: =IFERROR(vlookup(O5,TSM!A:Q,2,FALSE),"") -> 45915 | Q5: =IFERROR(vlookup(O5,TSM!A:Q,8,FALSE),"") -> 568130 | R5: =IFERROR(vlookup(O5,TSM!A:Q,10,FALSE),"") -> 552097 | S5: =IF(R4=Q5,"Yes","No") -> Yes | T5: =R4-Q5 -> 0
A6: =IFERROR(__xludf.DUMMYFUNCTION("""COMPUTED_VALUE"""),45904.197430555556) -> 45904.197 | B6: =IFERROR(vlookup(A6,TSM!A:Q,2,FALSE),"") -> 45904 | C6: =IFERROR(vlookup(A6,TSM!A:Q,8,FALSE),"") -> 706470 | D6: =IFERROR(vlookup(A6,TSM!A:Q,10,FALSE),"") -> 657907 | E6: =IF(D5=C6,"Yes","No") -> Yes | F6: =C6-D5 -> 0 | H6: =IFERROR(__xludf.DUMMYFUNCTION("""COMPUTED_VALUE"""),45905.95424071759) -> 45905.954 | I6: =IFERROR(vlookup(H6,TSM!A:Q,2,FALSE),"") -> 45905 | J6: =IFERROR(vlookup(H6,TSM!A:Q,8,FALSE),"") -> 45409 | K6: =IFERROR(vlookup(H6,TSM!A:Q,10,FALSE),"") -> 90844 | L6: =IF(K5=J6,"Yes","No") -> Yes | M6: =J6-K5 -> 0 | O6: =IFERROR(__xludf.DUMMYFUNCTION("""COMPUTED_VALUE"""),45918.839330312505) -> 45918.839 | P6: =IFERROR(vlookup(O6,TSM!A:Q,2,FALSE),"") -> 45916 | Q6: =IFERROR(vlookup(O6,TSM!A:Q,8,FALSE),"") -> 552097 | R6: =IFERROR(vlookup(O6,TSM!A:Q,10,FALSE),"") -> 531823 | S6: =IF(R5=Q6,"Yes","No") -> Yes | T6: =R5-Q6 -> 0
A7: =IFERROR(__xludf.DUMMYFUNCTION("""COMPUTED_VALUE"""),45904.41326388889) -> 45904.413 | B7: =IFERROR(vlookup(A7,TSM!A:Q,2,FALSE),"") -> 45904 | C7: =IFERROR(vlookup(A7,TSM!A:Q,8,FALSE),"") -> 657907 | D7: =IFERROR(vlookup(A7,TSM!A:Q,10,FALSE),"") -> 625541 | E7: =IF(D6=C7,"Yes","No") -> Yes | F7: =C7-D6 -> 0 | H7: =IFERROR(__xludf.DUMMYFUNCTION("""COMPUTED_VALUE"""),45905.95512831019) -> 45905.955 | I7: =IFERROR(vlookup(H7,TSM!A:Q,2,FALSE),"") -> 45905 | J7: =IFERROR(vlookup(H7,TSM!A:Q,8,FALSE),"") -> 90844 | K7: =IFERROR(vlookup(H7,TSM!A:Q,10,FALSE),"") -> 130189 | L7: =IF(K6=J7,"Yes","No") -> Yes | M7: =J7-K6 -> 0 | O7: =IFERROR(__xludf.DUMMYFUNCTION("""COMPUTED_VALUE"""),45918.84036502315) -> 45918.84 | P7: =IFERROR(vlookup(O7,TSM!A:Q,2,FALSE),"") -> 45916 | Q7: =IFERROR(vlookup(O7,TSM!A:Q,8,FALSE),"") -> 531823 | R7: =IFERROR(vlookup(O7,TSM!A:Q,10,FALSE),"") -> 499551 | S7: =IF(R6=Q7,"Yes","No") -> Yes | T7: =R6-Q7 -> 0
A8: =IFERROR(__xludf.DUMMYFUNCTION("""COMPUTED_VALUE"""),45904.425833333335) -> 45904.426 | B8: =IFERROR(vlookup(A8,TSM!A:Q,2,FALSE),"") -> 45904 | C8: =IFERROR(vlookup(A8,TSM!A:Q,8,FALSE),"") -> 625541 | D8: =IFERROR(vlookup(A8,TSM!A:Q,10,FALSE),"") -> 613101 | E8: =IF(D7=C8,"Yes","No") -> Yes | F8: =C8-D7 -> 0 | H8: =IFERROR(__xludf.DUMMYFUNCTION("""COMPUTED_VALUE"""),45905.95604160879) -> 45905.956 | I8: =IFERROR(vlookup(H8,TSM!A:Q,2,FALSE),"") -> 45905 | J8: =IFERROR(vlookup(H8,TSM!A:Q,8,FALSE),"") -> 130189 | K8: =IFERROR(vlookup(H8,TSM!A:Q,10,FALSE),"") -> 175612 | L8: =IF(K7=J8,"Yes","No") -> Yes | M8: =J8-K7 -> 0 | O8: =IFERROR(__xludf.DUMMYFUNCTION("""COMPUTED_VALUE"""),45918.84264454861) -> 45918.843 | P8: =IFERROR(vlookup(O8,TSM!A:Q,2,FALSE),"") -> 45916 | Q8: =IFERROR(vlookup(O8,TSM!A:Q,8,FALSE),"") -> 499551 | R8: =IFERROR(vlookup(O8,TSM!A:Q,10,FALSE),"") -> 479484 | S8: =IF(R7=Q8,"Yes","No") -> Yes | T8: =R7-Q8 -> 0
A9: =IFERROR(__xludf.DUMMYFUNCTION("""COMPUTED_VALUE"""),45904.65219907407) -> 45904.652 | B9: =IFERROR(vlookup(A9,TSM!A:Q,2,FALSE),"") -> 45904 | C9: =IFERROR(vlookup(A9,TSM!A:Q,8,FALSE),"") -> 613101 | D9: =IFERROR(vlookup(A9,TSM!A:Q,10,FALSE),"") -> 584073 | E9: =IF(D8=C9,"Yes","No") -> Yes | F9: =C9-D8 -> 0 | H9: =IFERROR(__xludf.DUMMYFUNCTION("""COMPUTED_VALUE"""),45905.95708886574) -> 45905.957 | I9: =IFERROR(vlookup(H9,TSM!A:Q,2,FALSE),"") -> 45905 | J9: =IFERROR(vlookup(H9,TSM!A:Q,8,FALSE),"") -> 175612 | K9: =IFERROR(vlookup(H9,TSM!A:Q,10,FALSE),"") -> 220628 | L9: =IF(K8=J9,"Yes","No") -> Yes | M9: =J9-K8 -> 0 | O9: =IFERROR(__xludf.DUMMYFUNCTION("""COMPUTED_VALUE"""),45918.845045821756) -> 45918.845 | P9: =IFERROR(vlookup(O9,TSM!A:Q,2,FALSE),"") -> 45916 | Q9: =IFERROR(vlookup(O9,TSM!A:Q,8,FALSE),"") -> 479484 | R9: =IFERROR(vlookup(O9,TSM!A:Q,10,FALSE),"") -> 447856 | S9: =IF(R8=Q9,"Yes","No") -> Yes | T9: =R8-Q9 -> 0
A10: =IFERROR(__xludf.DUMMYFUNCTION("""COMPUTED_VALUE"""),45906.15311564815) -> 45906.153 | B10: =IFERROR(vlookup(A10,TSM!A:Q,2,FALSE),"") -> 45905 | C10: =IFERROR(vlookup(A10,TSM!A:Q,8,FALSE),"") -> 581896 | D10: =IFERROR(vlookup(A10,TSM!A:Q,10,FALSE),"") -> 555150 | E10: =IF(D9=C10,"Yes","No") -> No | F10: =C10-D9 -> -2177 | H10: =IFERROR(__xludf.DUMMYFUNCTION("""COMPUTED_VALUE"""),45905.958537557875) -> 45905.959 | I10: =IFERROR(vlookup(H10,TSM!A:Q,2,FALSE),"") -> 45905 | J10: =IFERROR(vlookup(H10,TSM!A:Q,8,FALSE),"") -> 220628 | K10: =IFERROR(vlookup(H10,TSM!A:Q,10,FALSE),"") -> 265540 | L10: =IF(K9=J10,"Yes","No") -> Yes | M10: =J10-K9 -> 0 | O10: =IFERROR(__xludf.DUMMYFUNCTION("""COMPUTED_VALUE"""),45918.850174861116) -> 45918.85 | P10: =IFERROR(vlookup(O10,TSM!A:Q,2,FALSE),"") -> 45916 | Q10: =IFERROR(vlookup(O10,TSM!A:Q,8,FALSE),"") -> 447856 | R10: =IFERROR(vlookup(O10,TSM!A:Q,10,FALSE),"") -> 420882 | S10: =IF(R9=Q10,"Yes","No") -> Yes | T10: =R9-Q10 -> 0
A11: =IFERROR(__xludf.DUMMYFUNCTION("""COMPUTED_VALUE"""),45906.15418841435) -> 45906.154 | B11: =IFERROR(vlookup(A11,TSM!A:Q,2,FALSE),"") -> 45905 | C11: =IFERROR(vlookup(A11,TSM!A:Q,8,FALSE),"") -> 555150 | D11: =IFERROR(vlookup(A11,TSM!A:Q,10,FALSE),"") -> 541880 | E11: =IF(D10=C11,"Yes","No") -> Yes | F11: =C11-D10 -> 0 | H11: =IFERROR(__xludf.DUMMYFUNCTION("""COMPUTED_VALUE"""),45905.98246857639) -> 45905.982 | I11: =IFERROR(vlookup(H11,TSM!A:Q,2,FALSE),"") -> 45905 | J11: =IFERROR(vlookup(H11,TSM!A:Q,8,FALSE),"") -> 265540 | K11: =IFERROR(vlookup(H11,TSM!A:Q,10,FALSE),"") -> 310349 | L11: =IF(K10=J11,"Yes","No") -> Yes | M11: =J11-K10 -> 0 | O11: =IFERROR(__xludf.DUMMYFUNCTION("""COMPUTED_VALUE"""),45918.852054745366) -> 45918.852 | P11: =IFERROR(vlookup(O11,TSM!A:Q,2,FALSE),"") -> 45916 | Q11: =IFERROR(vlookup(O11,TSM!A:Q,8,FALSE),"") -> 420882 | R11: =IFERROR(vlookup(O11,TSM!A:Q,10,FALSE),"") -> 403415 | S11: =IF(R10=Q11,"Yes","No") -> Yes | T11: =R10-Q11 -> 0
A12: =IFERROR(__xludf.DUMMYFUNCTION("""COMPUTED_VALUE"""),45906.154997245365) -> 45906.155 | B12: =IFERROR(vlookup(A12,TSM!A:Q,2,FALSE),"") -> 45905 | C12: =IFERROR(vlookup(A12,TSM!A:Q,8,FALSE),"") -> 541880 | D12: =IFERROR(vlookup(A12,TSM!A:Q,10,FALSE),"") -> 509224 | E12: =IF(D11=C12,"Yes","No") -> Yes | F12: =C12-D11 -> 0 | H12: =IFERROR(__xludf.DUMMYFUNCTION("""COMPUTED_VALUE"""),45906.03527278935) -> 45906.035 | I12: =IFERROR(vlookup(H12,TSM!A:Q,2,FALSE),"") -> 45905 | J12: =IFERROR(vlookup(H12,TSM!A:Q,8,FALSE),"") -> 310349 | K12: =IFERROR(vlookup(H12,TSM!A:Q,10,FALSE),"") -> 354961 | L12: =IF(K11=J12,"Yes","No") -> Yes | M12: =J12-K11 -> 0 | O12: =IFERROR(__xludf.DUMMYFUNCTION("""COMPUTED_VALUE"""),45919.05942055555) -> 45919.059 | P12: =IFERROR(vlookup(O12,TSM!A:Q,2,FALSE),"") -> 45917 | Q12: =IFERROR(vlookup(O12,TSM!A:Q,8,FALSE),"") -> 403415 | R12: =IFERROR(vlookup(O12,TSM!A:Q,10,FALSE),"") -> 349053 | S12: =IF(R11=Q12,"Yes","No") -> Yes | T12: =R11-Q12 -> 0
A13: =IFERROR(__xludf.DUMMYFUNCTION("""COMPUTED_VALUE"""),45906.15610908565) -> 45906.156 | B13: =IFERROR(vlookup(A13,TSM!A:Q,2,FALSE),"") -> 45905 | C13: =IFERROR(vlookup(A13,TSM!A:Q,8,FALSE),"") -> 509224 | D13: =IFERROR(vlookup(A13,TSM!A:Q,10,FALSE),"") -> 479367 | E13: =IF(D12=C13,"Yes","No") -> Yes | F13: =C13-D12 -> 0 | H13: =IFERROR(__xludf.DUMMYFUNCTION("""COMPUTED_VALUE"""),45906.12240944445) -> 45906.122 | I13: =IFERROR(vlookup(H13,TSM!A:Q,2,FALSE),"") -> 45905 | J13: =IFERROR(vlookup(H13,TSM!A:Q,8,FALSE),"") -> 354961 | K13: =IFERROR(vlookup(H13,TSM!A:Q,10,FALSE),"") -> 400097 | L13: =IF(K12=J13,"Yes","No") -> Yes | M13: =J13-K12 -> 0 | O13: =IFERROR(__xludf.DUMMYFUNCTION("""COMPUTED_VALUE"""),45919.06393905093) -> 45919.064 | P13: =IFERROR(vlookup(O13,TSM!A:Q,2,FALSE),"") -> 45917 | Q13: =IFERROR(vlookup(O13,TSM!A:Q,8,FALSE),"") -> 349053 | R13: =IFERROR(vlookup(O13,TSM!A:Q,10,FALSE),"") -> 304713 | S13: =IF(R12=Q13,"Yes","No") -> Yes | T13: =R12-Q13 -> 0
A14: =IFERROR(__xludf.DUMMYFUNCTION("""COMPUTED_VALUE"""),45906.83074881944) -> 45906.831 | B14: =IFERROR(vlookup(A14,TSM!A:Q,2,FALSE),"") -> 45906 | C14: =IFERROR(vlookup(A14,TSM!A:Q,8,FALSE),"") -> 479367 | D14: =IFERROR(vlookup(A14,TSM!A:Q,10,FALSE),"") -> 453359 | E14: =IF(D13=C14,"Yes","No") -> Yes | F14: =C14-D13 -> 0 | H14: =IFERROR(__xludf.DUMMYFUNCTION("""COMPUTED_VALUE"""),45906.9832719213) -> 45906.983 | I14: =IFERROR(vlookup(H14,TSM!A:Q,2,FALSE),"") -> 45906 | J14: =IFERROR(vlookup(H14,TSM!A:Q,8,FALSE),"") -> 445440 | K14: =IFERROR(vlookup(H14,TSM!A:Q,10,FALSE),"") -> 489547 | L14: =IF(K13=J14,"Yes","No") -> No | M14: =J14-K13 -> 45343 | O14: =IFERROR(__xludf.DUMMYFUNCTION("""COMPUTED_VALUE"""),45919.06920243056) -> 45919.069 | P14: =IFERROR(vlookup(O14,TSM!A:Q,2,FALSE),"") -> 45918 | Q14: =IFERROR(vlookup(O14,TSM!A:Q,8,FALSE),"") -> 304197 | R14: =IFERROR(vlookup(O14,TSM!A:Q,10,FALSE),"") -> 283732 | S14: =IF(R13=Q14,"Yes","No") -> No | T14: =R13-Q14 -> 516
A15: =IFERROR(__xludf.DUMMYFUNCTION("""COMPUTED_VALUE"""),45906.83189854167) -> 45906.832 | B15: =IFERROR(vlookup(A15,TSM!A:Q,2,FALSE),"") -> 45906 | C15: =IFERROR(vlookup(A15,TSM!A:Q,8,FALSE),"") -> 453359 | D15: =IFERROR(vlookup(A15,TSM!A:Q,10,FALSE),"") -> 435537 | E15: =IF(D14=C15,"Yes","No") -> Yes | F15: =C15-D14 -> 0 | H15: =IFERROR(__xludf.DUMMYFUNCTION("""COMPUTED_VALUE"""),45906.9867652199) -> 45906.987 | I15: =IFERROR(vlookup(H15,TSM!A:Q,2,FALSE),"") -> 45906 | J15: =IFERROR(vlookup(H15,TSM!A:Q,8,FALSE),"") -> 489547 | K15: =IFERROR(vlookup(H15,TSM!A:Q,10,FALSE),"") -> 534353 | L15: =IF(K14=J15,"Yes","No") -> Yes | M15: =J15-K14 -> 0 | O15: =IFERROR(__xludf.DUMMYFUNCTION("""COMPUTED_VALUE"""),45919.36097150463) -> 45919.361 | P15: =IFERROR(vlookup(O15,TSM!A:Q,2,FALSE),"") -> 45918 | Q15: =IFERROR(vlookup(O15,TSM!A:Q,8,FALSE),"") -> 283732 | R15: =IFERROR(vlookup(O15,TSM!A:Q,10,FALSE),"") -> 268642 | S15: =IF(R14=Q15,"Yes","No") -> Yes | T15: =R14-Q15 -> 0
A16: =IFERROR(__xludf.DUMMYFUNCTION("""COMPUTED_VALUE"""),45906.98933898148) -> 45906.989 | B16: =IFERROR(vlookup(A16,TSM!A:Q,2,FALSE),"") -> 45906 | C16: =IFERROR(vlookup(A16,TSM!A:Q,8,FALSE),"") -> 435537 | D16: =IFERROR(vlookup(A16,TSM!A:Q,10,FALSE),"") -> 475741 | E16: =IF(D15=C16,"Yes","No") -> Yes | F16: =C16-D15 -> 0 | H16: =IFERROR(__xludf.DUMMYFUNCTION("""COMPUTED_VALUE"""),45906.9880784375) -> 45906.988 | I16: =IFERROR(vlookup(H16,TSM!A:Q,2,FALSE),"") -> 45906 | J16: =IFERROR(vlookup(H16,TSM!A:Q,8,FALSE),"") -> 534353 | K16: =IFERROR(vlookup(H16,TSM!A:Q,10,FALSE),"") -> 579603 | L16: =IF(K15=J16,"Yes","No") -> Yes | M16: =J16-K15 -> 0
A17: =IFERROR(__xludf.DUMMYFUNCTION("""COMPUTED_VALUE"""),45907.17284699074) -> 45907.173 | B17: =IFERROR(vlookup(A17,TSM!A:Q,2,FALSE),"") -> 45906 | C17: =IFERROR(vlookup(A17,TSM!A:Q,8,FALSE),"") -> 475741 | D17: =IFERROR(vlookup(A17,TSM!A:Q,10,FALSE),"") -> 519902 | E17: =IF(D16=C17,"Yes","No") -> Yes | F17: =C17-D16 -> 0 | H17: =IFERROR(__xludf.DUMMYFUNCTION("""COMPUTED_VALUE"""),45910.66157696759) -> 45910.662 | I17: =IFERROR(vlookup(H17,TSM!A:Q,2,FALSE),"") -> 45908 | J17: =IFERROR(vlookup(H17,TSM!A:Q,8,FALSE),"") -> 578044 | K17: =IFERROR(vlookup(H17,TSM!A:Q,10,FALSE),"") -> 552389 | L17: =IF(K16=J17,"Yes","No") -> No | M17: =J17-K16 -> -1559
A18: =IFERROR(__xludf.DUMMYFUNCTION("""COMPUTED_VALUE"""),45907.17419016204) -> 45907.174 | B18: =IFERROR(vlookup(A18,TSM!A:Q,2,FALSE),"") -> 45906 | C18: =IFERROR(vlookup(A18,TSM!A:Q,8,FALSE),"") -> 519902 | D18: =IFERROR(vlookup(A18,TSM!A:Q,10,FALSE),"") -> 564583 | E18: =IF(D17=C18,"Yes","No") -> Yes | F18: =C18-D17 -> 0 | H18: =IFERROR(__xludf.DUMMYFUNCTION("""COMPUTED_VALUE"""),45910.66252712963) -> 45910.663 | I18: =IFERROR(vlookup(H18,TSM!A:Q,2,FALSE),"") -> 45908 | J18: =IFERROR(vlookup(H18,TSM!A:Q,8,FALSE),"") -> 552389 | K18: =IFERROR(vlookup(H18,TSM!A:Q,10,FALSE),"") -> 514476 | L18: =IF(K17=J18,"Yes","No") -> Yes | M18: =J18-K17 -> 0
A19: =IFERROR(__xludf.DUMMYFUNCTION("""COMPUTED_VALUE"""),45907.217310844906) -> 45907.217 | B19: =IFERROR(vlookup(A19,TSM!A:Q,2,FALSE),"") -> 45906 | C19: =IFERROR(vlookup(A19,TSM!A:Q,8,FALSE),"") -> 564583 | D19: =IFERROR(vlookup(A19,TSM!A:Q,10,FALSE),"") -> 609473 | E19: =IF(D18=C19,"Yes","No") -> Yes | F19: =C19-D18 -> 0 | H19: =IFERROR(__xludf.DUMMYFUNCTION("""COMPUTED_VALUE"""),45910.66460023148) -> 45910.665 | I19: =IFERROR(vlookup(H19,TSM!A:Q,2,FALSE),"") -> 45908 | J19: =IFERROR(vlookup(H19,TSM!A:Q,8,FALSE),"") -> 514476 | K19: =IFERROR(vlookup(H19,TSM!A:Q,10,FALSE),"") -> 496506 | L19: =IF(K18=J19,"Yes","No") -> Yes | M19: =J19-K18 -> 0
A20: =IFERROR(__xludf.DUMMYFUNCTION("""COMPUTED_VALUE"""),45909.90931012732) -> 45909.909 | B20: =IFERROR(vlookup(A20,TSM!A:Q,2,FALSE),"") -> 45907 | C20: =IFERROR(vlookup(A20,TSM!A:Q,8,FALSE),"") -> 609473 | D20: =IFERROR(vlookup(A20,TSM!A:Q,10,FALSE),"") -> 650435 | E20: =IF(D19=C20,"Yes","No") -> Yes | F20: =C20-D19 -> 0 | H20: =IFERROR(__xludf.DUMMYFUNCTION("""COMPUTED_VALUE"""),45910.665429699075) -> 45910.665 | I20: =IFERROR(vlookup(H20,TSM!A:Q,2,FALSE),"") -> 45908 | J20: =IFERROR(vlookup(H20,TSM!A:Q,8,FALSE),"") -> 496506 | K20: =IFERROR(vlookup(H20,TSM!A:Q,10,FALSE),"") -> 461523 | L20: =IF(K19=J20,"Yes","No") -> Yes | M20: =J20-K19 -> 0
A21: =IFERROR(__xludf.DUMMYFUNCTION("""COMPUTED_VALUE"""),45909.91237359954) -> 45909.912 | B21: =IFERROR(vlookup(A21,TSM!A:Q,2,FALSE),"") -> 45907 | C21: =IFERROR(vlookup(A21,TSM!A:Q,8,FALSE),"") -> 650435 | D21: =IFERROR(vlookup(A21,TSM!A:Q,10,FALSE),"") -> 636634 | E21: =IF(D20=C21,"Yes","No") -> Yes | F21: =C21-D20 -> 0 | H21: =IFERROR(__xludf.DUMMYFUNCTION("""COMPUTED_VALUE"""),45910.6662864699) -> 45910.666 | I21: =IFERROR(vlookup(H21,TSM!A:Q,2,FALSE),"") -> 45908 | J21: =IFERROR(vlookup(H21,TSM!A:Q,8,FALSE),"") -> 461523 | K21: =IFERROR(vlookup(H21,TSM!A:Q,10,FALSE),"") -> 408294 | L21: =IF(K20=J21,"Yes","No") -> Yes | M21: =J21-K20 -> 0
A22: =IFERROR(__xludf.DUMMYFUNCTION("""COMPUTED_VALUE"""),45909.915909131945) -> 45909.916 | B22: =IFERROR(vlookup(A22,TSM!A:Q,2,FALSE),"") -> 45907 | C22: =IFERROR(vlookup(A22,TSM!A:Q,8,FALSE),"") -> 636634 | D22: =IFERROR(vlookup(A22,TSM!A:Q,10,FALSE),"") -> 605637 | E22: =IF(D21=C22,"Yes","No") -> Yes | F22: =C22-D21 -> 0 | H22: =IFERROR(__xludf.DUMMYFUNCTION("""COMPUTED_VALUE"""),45910.667109814814) -> 45910.667 | I22: =IFERROR(vlookup(H22,TSM!A:Q,2,FALSE),"") -> 45908 | J22: =IFERROR(vlookup(H22,TSM!A:Q,8,FALSE),"") -> 408294 | K22: =IFERROR(vlookup(H22,TSM!A:Q,10,FALSE),"") -> 368657 | L22: =IF(K21=J22,"Yes","No") -> Yes | M22: =J22-K21 -> 0
A23: =IFERROR(__xludf.DUMMYFUNCTION("""COMPUTED_VALUE"""),45909.917992835646) -> 45909.918 | B23: =IFERROR(vlookup(A23,TSM!A:Q,2,FALSE),"") -> 45907 | C23: =IFERROR(vlookup(A23,TSM!A:Q,8,FALSE),"") -> 605637 | D23: =IFERROR(vlookup(A23,TSM!A:Q,10,FALSE),"") -> 574639 | E23: =IF(D22=C23,"Yes","No") -> Yes | F23: =C23-D22 -> 0 | H23: =IFERROR(__xludf.DUMMYFUNCTION("""COMPUTED_VALUE"""),45910.669558298614) -> 45910.67 | I23: =IFERROR(vlookup(H23,TSM!A:Q,2,FALSE),"") -> 45908 | J23: =IFERROR(vlookup(H23,TSM!A:Q,8,FALSE),"") -> 368657 | K23: =IFERROR(vlookup(H23,TSM!A:Q,10,FALSE),"") -> 314498 | L23: =IF(K22=J23,"Yes","No") -> Yes | M23: =J23-K22 -> 0
A24: =IFERROR(__xludf.DUMMYFUNCTION("""COMPUTED_VALUE"""),45909.919386574074) -> 45909.919 | B24: =IFERROR(vlookup(A24,TSM!A:Q,2,FALSE),"") -> 45907 | C24: =IFERROR(vlookup(A24,TSM!A:Q,8,FALSE),"") -> 574639 | D24: =IFERROR(vlookup(A24,TSM!A:Q,10,FALSE),"") -> 562614 | E24: =IF(D23=C24,"Yes","No") -> Yes | F24: =C24-D23 -> 0 | H24: =IFERROR(__xludf.DUMMYFUNCTION("""COMPUTED_VALUE"""),45910.67212459491) -> 45910.672 | I24: =IFERROR(vlookup(H24,TSM!A:Q,2,FALSE),"") -> 45909 | J24: =IFERROR(vlookup(H24,TSM!A:Q,8,FALSE),"") -> 314498 | K24: =IFERROR(vlookup(H24,TSM!A:Q,10,FALSE),"") -> 259628 | L24: =IF(K23=J24,"Yes","No") -> Yes | M24: =J24-K23 -> 0
A25: =IFERROR(__xludf.DUMMYFUNCTION("""COMPUTED_VALUE"""),45909.92155613426) -> 45909.922 | B25: =IFERROR(vlookup(A25,TSM!A:Q,2,FALSE),"") -> 45907 | C25: =IFERROR(vlookup(A25,TSM!A:Q,8,FALSE),"") -> 562614 | D25: =IFERROR(vlookup(A25,TSM!A:Q,10,FALSE),"") -> 604496 | E25: =IF(D24=C25,"Yes","No") -> Yes | F25: =C25-D24 -> 0 | H25: =IFERROR(__xludf.DUMMYFUNCTION("""COMPUTED_VALUE"""),45918.41092775463) -> 45918.411 | I25: =IFERROR(vlookup(H25,TSM!A:Q,2,FALSE),"") -> 45913 | J25: =IFERROR(vlookup(H25,TSM!A:Q,8,FALSE),"") -> 259421 | K25: =IFERROR(vlookup(H25,TSM!A:Q,10,FALSE),"") -> 223118 | L25: =IF(K24=J25,"Yes","No") -> No | M25: =J25-K24 -> -207
A26: =IFERROR(__xludf.DUMMYFUNCTION("""COMPUTED_VALUE"""),45909.92390645834) -> 45909.924 | B26: =IFERROR(vlookup(A26,TSM!A:Q,2,FALSE),"") -> 45907 | C26: =IFERROR(vlookup(A26,TSM!A:Q,8,FALSE),"") -> 604496 | D26: =IFERROR(vlookup(A26,TSM!A:Q,10,FALSE),"") -> 648982 | E26: =IF(D25=C26,"Yes","No") -> Yes | F26: =C26-D25 -> 0 | H26: =IFERROR(__xludf.DUMMYFUNCTION("""COMPUTED_VALUE"""),45918.41367995371) -> 45918.414 | I26: =IFERROR(vlookup(H26,TSM!A:Q,2,FALSE),"") -> 45913 | J26: =IFERROR(vlookup(H26,TSM!A:Q,8,FALSE),"") -> 223118 | K26: =IFERROR(vlookup(H26,TSM!A:Q,10,FALSE),"") -> 197913 | L26: =IF(K25=J26,"Yes","No") -> Yes | M26: =J26-K25 -> 0
A27: =IFERROR(__xludf.DUMMYFUNCTION("""COMPUTED_VALUE"""),45909.92719778935) -> 45909.927 | B27: =IFERROR(vlookup(A27,TSM!A:Q,2,FALSE),"") -> 45908 | C27: =IFERROR(vlookup(A27,TSM!A:Q,8,FALSE),"") -> 648982 | D27: =IFERROR(vlookup(A27,TSM!A:Q,10,FALSE),"") -> 693707 | E27: =IF(D26=C27,"Yes","No") -> Yes | F27: =C27-D26 -> 0 | H27: =IFERROR(__xludf.DUMMYFUNCTION("""COMPUTED_VALUE"""),45918.41572592592) -> 45918.416 | I27: =IFERROR(vlookup(H27,TSM!A:Q,2,FALSE),"") -> 45913 | J27: =IFERROR(vlookup(H27,TSM!A:Q,8,FALSE),"") -> 197913 | K27: =IFERROR(vlookup(H27,TSM!A:Q,10,FALSE),"") -> 179554 | L27: =IF(K26=J27,"Yes","No") -> Yes | M27: =J27-K26 -> 0
A28: =IFERROR(__xludf.DUMMYFUNCTION("""COMPUTED_VALUE"""),45910.673613437495) -> 45910.674 | B28: =IFERROR(vlookup(A28,TSM!A:Q,2,FALSE),"") -> 45909 | C28: =IFERROR(vlookup(A28,TSM!A:Q,8,FALSE),"") -> 692877 | D28: =IFERROR(vlookup(A28,TSM!A:Q,10,FALSE),"") -> 662058 | E28: =IF(D27=C28,"Yes","No") -> No | F28: =C28-D27 -> -830 | H28: =IFERROR(__xludf.DUMMYFUNCTION("""COMPUTED_VALUE"""),45918.41967015046) -> 45918.42 | I28: =IFERROR(vlookup(H28,TSM!A:Q,2,FALSE),"") -> 45914 | J28: =IFERROR(vlookup(H28,TSM!A:Q,8,FALSE),"") -> 179554 | K28: =IFERROR(vlookup(H28,TSM!A:Q,10,FALSE),"") -> 137344 | L28: =IF(K27=J28,"Yes","No") -> Yes | M28: =J28-K27 -> 0
A29: =IFERROR(__xludf.DUMMYFUNCTION("""COMPUTED_VALUE"""),45910.67495170139) -> 45910.675 | B29: =IFERROR(vlookup(A29,TSM!A:Q,2,FALSE),"") -> 45909 | C29: =IFERROR(vlookup(A29,TSM!A:Q,8,FALSE),"") -> 662058 | D29: =IFERROR(vlookup(A29,TSM!A:Q,10,FALSE),"") -> 638918 | E29: =IF(D28=C29,"Yes","No") -> Yes | F29: =C29-D28 -> 0 | H29: =IFERROR(__xludf.DUMMYFUNCTION("""COMPUTED_VALUE"""),45918.433365370365) -> 45918.433 | I29: =IFERROR(vlookup(H29,TSM!A:Q,2,FALSE),"") -> 45914 | J29: =IFERROR(vlookup(H29,TSM!A:Q,8,FALSE),"") -> 137344 | K29: =IFERROR(vlookup(H29,TSM!A:Q,10,FALSE),"") -> 93859 | L29: =IF(K28=J29,"Yes","No") -> Yes | M29: =J29-K28 -> 0
A30: =IFERROR(__xludf.DUMMYFUNCTION("""COMPUTED_VALUE"""),45910.676013599536) -> 45910.676 | B30: =IFERROR(vlookup(A30,TSM!A:Q,2,FALSE),"") -> 45909 | C30: =IFERROR(vlookup(A30,TSM!A:Q,8,FALSE),"") -> 638918 | D30: =IFERROR(vlookup(A30,TSM!A:Q,10,FALSE),"") -> 678867 | E30: =IF(D29=C30,"Yes","No") -> Yes | F30: =C30-D29 -> 0 | H30: =IFERROR(__xludf.DUMMYFUNCTION("""COMPUTED_VALUE"""),45918.43495597222) -> 45918.435 | I30: =IFERROR(vlookup(H30,TSM!A:Q,2,FALSE),"") -> 45914 | J30: =IFERROR(vlookup(H30,TSM!A:Q,8,FALSE),"") -> 93859 | K30: =IFERROR(vlookup(H30,TSM!A:Q,10,FALSE),"") -> 50924 | L30: =IF(K29=J30,"Yes","No") -> Yes | M30: =J30-K29 -> 0
A31: =IFERROR(__xludf.DUMMYFUNCTION("""COMPUTED_VALUE"""),45910.67779840278) -> 45910.678 | B31: =IFERROR(vlookup(A31,TSM!A:Q,2,FALSE),"") -> 45909 | C31: =IFERROR(vlookup(A31,TSM!A:Q,8,FALSE),"") -> 678867 | D31: =IFERROR(vlookup(A31,TSM!A:Q,10,FALSE),"") -> 657596 | E31: =IF(D30=C31,"Yes","No") -> Yes | F31: =C31-D30 -> 0 | H31: =IFERROR(__xludf.DUMMYFUNCTION("""COMPUTED_VALUE"""),45918.436784074074) -> 45918.437 | I31: =IFERROR(vlookup(H31,TSM!A:Q,2,FALSE),"") -> 45914 | J31: =IFERROR(vlookup(H31,TSM!A:Q,8,FALSE),"") -> 50924 | K31: =IFERROR(vlookup(H31,TSM!A:Q,10,FALSE),"") -> 34179 | L31: =IF(K30=J31,"Yes","No") -> Yes | M31: =J31-K30 -> 0
A32: =IFERROR(__xludf.DUMMYFUNCTION("""COMPUTED_VALUE"""),45910.67933680555) -> 45910.679 | B32: =IFERROR(vlookup(A32,TSM!A:Q,2,FALSE),"") -> 45909 | C32: =IFERROR(vlookup(A32,TSM!A:Q,8,FALSE),"") -> 657596 | D32: =IFERROR(vlookup(A32,TSM!A:Q,10,FALSE),"") -> 607503 | E32: =IF(D31=C32,"Yes","No") -> Yes | F32: =C32-D31 -> 0 | H32: =IFERROR(__xludf.DUMMYFUNCTION("""COMPUTED_VALUE"""),45918.44258210648) -> 45918.443 | I32: =IFERROR(vlookup(H32,TSM!A:Q,2,FALSE),"") -> 45915 | J32: =IFERROR(vlookup(H32,TSM!A:Q,8,FALSE),"") -> 34179 | K32: =IFERROR(vlookup(H32,TSM!A:Q,10,FALSE),"") -> 29193 | L32: =IF(K31=J32,"Yes","No") -> Yes | M32: =J32-K31 -> 0
A33: =IFERROR(__xludf.DUMMYFUNCTION("""COMPUTED_VALUE"""),45910.68004998843) -> 45910.68 | B33: =IFERROR(vlookup(A33,TSM!A:Q,2,FALSE),"") -> 45909 | C33: =IFERROR(vlookup(A33,TSM!A:Q,8,FALSE),"") -> 607503 | D33: =IFERROR(vlookup(A33,TSM!A:Q,10,FALSE),"") -> 554424 | E33: =IF(D32=C33,"Yes","No") -> Yes | F33: =C33-D32 -> 0 | H33: =IFERROR(__xludf.DUMMYFUNCTION("""COMPUTED_VALUE"""),45918.45697508102) -> 45918.457 | I33: =IFERROR(vlookup(H33,TSM!A:Q,2,FALSE),"") -> 45915 | J33: =IFERROR(vlookup(H33,TSM!A:Q,8,FALSE),"") -> 29193 | K33: =IFERROR(vlookup(H33,TSM!A:Q,10,FALSE),"") -> 0 | L33: =IF(K32=J33,"Yes","No") -> Yes | M33: =J33-K32 -> 0
A34: =IFERROR(__xludf.DUMMYFUNCTION("""COMPUTED_VALUE"""),45910.68171280093) -> 45910.682 | B34: =IFERROR(vlookup(A34,TSM!A:Q,2,FALSE),"") -> 45909 | C34: =IFERROR(vlookup(A34,TSM!A:Q,8,FALSE),"") -> 554424 | D34: =IFERROR(vlookup(A34,TSM!A:Q,10,FALSE),"") -> 526433 | E34: =IF(D33=C34,"Yes","No") -> Yes | F34: =C34-D33 -> 0 | H34: =IFERROR(__xludf.DUMMYFUNCTION("""COMPUTED_VALUE"""),45919.067930798614) -> 45919.068 | I34: =IFERROR(vlookup(H34,TSM!A:Q,2,FALSE),"") -> 45918 | J34: =IFERROR(vlookup(H34,TSM!A:Q,8,FALSE),"") -> 34179 | K34: =IFERROR(vlookup(H34,TSM!A:Q,10,FALSE),"") -> 0 | L34: =IF(K33=J34,"Yes","No") -> No | M34: =J34-K33 -> 34179
A35: =IFERROR(__xludf.DUMMYFUNCTION("""COMPUTED_VALUE"""),45910.84531791667) -> 45910.845 | B35: =IFERROR(vlookup(A35,TSM!A:Q,2,FALSE),"") -> 45910 | C35: =IFERROR(vlookup(A35,TSM!A:Q,8,FALSE),"") -> 526433 | D35: =IFERROR(vlookup(A35,TSM!A:Q,10,FALSE),"") -> 485898 | E35: =IF(D34=C35,"Yes","No") -> Yes | F35: =C35-D34 -> 0 | I35: =IFERROR(vlookup(H35,TSM!A:Q,2,FALSE),"") | J35: =IFERROR(vlookup(H35,TSM!A:Q,8,FALSE),"") | K35: =IFERROR(vlookup(H35,TSM!A:Q,10,FALSE),"") | M35: =J35-K34 -> 0
A36: =IFERROR(__xludf.DUMMYFUNCTION("""COMPUTED_VALUE"""),45910.8466731713) -> 45910.847 | B36: =IFERROR(vlookup(A36,TSM!A:Q,2,FALSE),"") -> 45910 | C36: =IFERROR(vlookup(A36,TSM!A:Q,8,FALSE),"") -> 485898 | D36: =IFERROR(vlookup(A36,TSM!A:Q,10,FALSE),"") -> 435848 | E36: =IF(D35=C36,"Yes","No") -> Yes | F36: =C36-D35 -> 0 | I36: =IFERROR(vlookup(H36,TSM!A:Q,2,FALSE),"") | J36: =IFERROR(vlookup(H36,TSM!A:Q,8,FALSE),"") | K36: =IFERROR(vlookup(H36,TSM!A:Q,10,FALSE),"") | M36: =J36-K35 -> 0
A37: =IFERROR(__xludf.DUMMYFUNCTION("""COMPUTED_VALUE"""),45910.8475044213) -> 45910.848 | B37: =IFERROR(vlookup(A37,TSM!A:Q,2,FALSE),"") -> 45910 | C37: =IFERROR(vlookup(A37,TSM!A:Q,8,FALSE),"") -> 435848 | D37: =IFERROR(vlookup(A37,TSM!A:Q,10,FALSE),"") -> 387666 | E37: =IF(D36=C37,"Yes","No") -> Yes | F37: =C37-D36 -> 0 | I37: =IFERROR(vlookup(H37,TSM!A:Q,2,FALSE),"") | J37: =IFERROR(vlookup(H37,TSM!A:Q,8,FALSE),"") | K37: =IFERROR(vlookup(H37,TSM!A:Q,10,FALSE),"") | M37: =J37-K36 -> 0
A38: =IFERROR(__xludf.DUMMYFUNCTION("""COMPUTED_VALUE"""),45910.85925925926) -> 45910.859 | B38: =IFERROR(vlookup(A38,TSM!A:Q,2,FALSE),"") -> 45910 | C38: =IFERROR(vlookup(A38,TSM!A:Q,8,FALSE),"") -> 387666 | D38: =IFERROR(vlookup(A38,TSM!A:Q,10,FALSE),"") -> 358445 | E38: =IF(D37=C38,"Yes","No") -> Yes | F38: =C38-D37 -> 0 | I38: =IFERROR(vlookup(H38,TSM!A:Q,2,FALSE),"") | J38: =IFERROR(vlookup(H38,TSM!A:Q,8,FALSE),"") | K38: =IFERROR(vlookup(H38,TSM!A:Q,10,FALSE),"") | M38: =J38-K37 -> 0
A39: =IFERROR(__xludf.DUMMYFUNCTION("""COMPUTED_VALUE"""),45918.08610627315) -> 45918.086 | B39: =IFERROR(vlookup(A39,TSM!A:Q,2,FALSE),"") -> 45910 | C39: =IFERROR(vlookup(A39,TSM!A:Q,8,FALSE),"") -> 358445 | D39: =IFERROR(vlookup(A39,TSM!A:Q,10,FALSE),"") -> 325806 | E39: =IF(D38=C39,"Yes","No") -> Yes | F39: =C39-D38 -> 0 | I39: =IFERROR(vlookup(H39,TSM!A:Q,2,FALSE),"") | J39: =IFERROR(vlookup(H39,TSM!A:Q,8,FALSE),"") | K39: =IFERROR(vlookup(H39,TSM!A:Q,10,FALSE),"") | M39: =J39-K38 -> 0
A40: =IFERROR(__xludf.DUMMYFUNCTION("""COMPUTED_VALUE"""),45918.088120810186) -> 45918.088 | B40: =IFERROR(vlookup(A40,TSM!A:Q,2,FALSE),"") -> 45910 | C40: =IFERROR(vlookup(A40,TSM!A:Q,8,FALSE),"") -> 325806 | D40: =IFERROR(vlookup(A40,TSM!A:Q,10,FALSE),"") -> 282716 | E40: =IF(D39=C40,"Yes","No") -> Yes | F40: =C40-D39 -> 0 | I40: =IFERROR(vlookup(H40,TSM!A:Q,2,FALSE),"") | J40: =IFERROR(vlookup(H40,TSM!A:Q,8,FALSE),"") | K40: =IFERROR(vlookup(H40,TSM!A:Q,10,FALSE),"") | M40: =J40-K39 -> 0
A41: =IFERROR(__xludf.DUMMYFUNCTION("""COMPUTED_VALUE"""),45918.09024335648) -> 45918.09 | B41: =IFERROR(vlookup(A41,TSM!A:Q,2,FALSE),"") -> 45910 | C41: =IFERROR(vlookup(A41,TSM!A:Q,8,FALSE),"") -> 282716 | D41: =IFERROR(vlookup(A41,TSM!A:Q,10,FALSE),"") -> 264589 | E41: =IF(D40=C41,"Yes","No") -> Yes | F41: =C41-D40 -> 0 | I41: =IFERROR(vlookup(H41,TSM!A:Q,2,FALSE),"") | J41: =IFERROR(vlookup(H41,TSM!A:Q,8,FALSE),"") | K41: =IFERROR(vlookup(H41,TSM!A:Q,10,FALSE),"") | M41: =J41-K40 -> 0
A42: =IFERROR(__xludf.DUMMYFUNCTION("""COMPUTED_VALUE"""),45918.093255416665) -> 45918.093 | B42: =IFERROR(vlookup(A42,TSM!A:Q,2,FALSE),"") -> 45911 | C42: =IFERROR(vlookup(A42,TSM!A:Q,8,FALSE),"") -> 264589 | D42: =IFERROR(vlookup(A42,TSM!A:Q,10,FALSE),"") -> 222432 | E42: =IF(D41=C42,"Yes","No") -> Yes | F42: =C42-D41 -> 0 | I42: =IFERROR(vlookup(H42,TSM!A:Q,2,FALSE),"") | J42: =IFERROR(vlookup(H42,TSM!A:Q,8,FALSE),"") | K42: =IFERROR(vlookup(H42,TSM!A:Q,10,FALSE),"") | M42: =J42-K41 -> 0
A43: =IFERROR(__xludf.DUMMYFUNCTION("""COMPUTED_VALUE"""),45918.09612747685) -> 45918.096 | B43: =IFERROR(vlookup(A43,TSM!A:Q,2,FALSE),"") -> 45911 | C43: =IFERROR(vlookup(A43,TSM!A:Q,8,FALSE),"") -> 222432 | D43: =IFERROR(vlookup(A43,TSM!A:Q,10,FALSE),"") -> 178929 | E43: =IF(D42=C43,"Yes","No") -> Yes | F43: =C43-D42 -> 0 | I43: =IFERROR(vlookup(H43,TSM!A:Q,2,FALSE),"") | J43: =IFERROR(vlookup(H43,TSM!A:Q,8,FALSE),"") | K43: =IFERROR(vlookup(H43,TSM!A:Q,10,FALSE),"") | M43: =J43-K42 -> 0
A44: =IFERROR(__xludf.DUMMYFUNCTION("""COMPUTED_VALUE"""),45918.10093927084) -> 45918.101 | B44: =IFERROR(vlookup(A44,TSM!A:Q,2,FALSE),"") -> 45911 | C44: =IFERROR(vlookup(A44,TSM!A:Q,8,FALSE),"") -> 178929 | D44: =IFERROR(vlookup(A44,TSM!A:Q,10,FALSE),"") -> 146197 | E44: =IF(D43=C44,"Yes","No") -> Yes | F44: =C44-D43 -> 0 | I44: =IFERROR(vlookup(H44,TSM!A:Q,2,FALSE),"") | J44: =IFERROR(vlookup(H44,TSM!A:Q,8,FALSE),"") | K44: =IFERROR(vlookup(H44,TSM!A:Q,10,FALSE),"") | M44: =J44-K43 -> 0
A45: =IFERROR(__xludf.DUMMYFUNCTION("""COMPUTED_VALUE"""),45918.103584861106) -> 45918.104 | B45: =IFERROR(vlookup(A45,TSM!A:Q,2,FALSE),"") -> 45912 | C45: =IFERROR(vlookup(A45,TSM!A:Q,8,FALSE),"") -> 146197 | D45: =IFERROR(vlookup(A45,TSM!A:Q,10,FALSE),"") -> 137599 | E45: =IF(D44=C45,"Yes","No") -> Yes | F45: =C45-D44 -> 0 | I45: =IFERROR(vlookup(H45,TSM!A:Q,2,FALSE),"") | J45: =IFERROR(vlookup(H45,TSM!A:Q,8,FALSE),"") | K45: =IFERROR(vlookup(H45,TSM!A:Q,10,FALSE),"") | M45: =J45-K44 -> 0
A46: =IFERROR(__xludf.DUMMYFUNCTION("""COMPUTED_VALUE"""),45918.10556247685) -> 45918.106 | B46: =IFERROR(vlookup(A46,TSM!A:Q,2,FALSE),"") -> 45912 | C46: =IFERROR(vlookup(A46,TSM!A:Q,8,FALSE),"") -> 137599 | D46: =IFERROR(vlookup(A46,TSM!A:Q,10,FALSE),"") -> 120921 | E46: =IF(D45=C46,"Yes","No") -> Yes | F46: =C46-D45 -> 0 | I46: =IFERROR(vlookup(H46,TSM!A:Q,2,FALSE),"") | J46: =IFERROR(vlookup(H46,TSM!A:Q,8,FALSE),"") | K46: =IFERROR(vlookup(H46,TSM!A:Q,10,FALSE),"") | M46: =J46-K45 -> 0
A47: =IFERROR(__xludf.DUMMYFUNCTION("""COMPUTED_VALUE"""),45918.10745099537) -> 45918.107 | B47: =IFERROR(vlookup(A47,TSM!A:Q,2,FALSE),"") -> 45912 | C47: =IFERROR(vlookup(A47,TSM!A:Q,8,FALSE),"") -> 120921 | D47: =IFERROR(vlookup(A47,TSM!A:Q,10,FALSE),"") -> 81085 | E47: =IF(D46=C47,"Yes","No") -> Yes | F47: =C47-D46 -> 0 | I47: =IFERROR(vlookup(H47,TSM!A:Q,2,FALSE),"") | J47: =IFERROR(vlookup(H47,TSM!A:Q,8,FALSE),"") | K47: =IFERROR(vlookup(H47,TSM!A:Q,10,FALSE),"") | M47: =J47-K46 -> 0
A48: =IFERROR(__xludf.DUMMYFUNCTION("""COMPUTED_VALUE"""),45918.109153032405) -> 45918.109 | B48: =IFERROR(vlookup(A48,TSM!A:Q,2,FALSE),"") -> 45912 | C48: =IFERROR(vlookup(A48,TSM!A:Q,8,FALSE),"") -> 81085 | D48: =IFERROR(vlookup(A48,TSM!A:Q,10,FALSE),"") -> 47959 | E48: =IF(D47=C48,"Yes","No") -> Yes | F48: =C48-D47 -> 0 | I48: =IFERROR(vlookup(H48,TSM!A:Q,2,FALSE),"") | J48: =IFERROR(vlookup(H48,TSM!A:Q,8,FALSE),"") | K48: =IFERROR(vlookup(H48,TSM!A:Q,10,FALSE),"") | M48: =J48-K47 -> 0
A49: =IFERROR(__xludf.DUMMYFUNCTION("""COMPUTED_VALUE"""),45918.11131303241) -> 45918.111 | B49: =IFERROR(vlookup(A49,TSM!A:Q,2,FALSE),"") -> 45912 | C49: =IFERROR(vlookup(A49,TSM!A:Q,8,FALSE),"") -> 47959 | D49: =IFERROR(vlookup(A49,TSM!A:Q,10,FALSE),"") -> 20345 | E49: =IF(D48=C49,"Yes","No") -> Yes | F49: =C49-D48 -> 0 | I49: =IFERROR(vlookup(H49,TSM!A:Q,2,FALSE),"") | J49: =IFERROR(vlookup(H49,TSM!A:Q,8,FALSE),"") | K49: =IFERROR(vlookup(H49,TSM!A:Q,10,FALSE),"") | M49: =J49-K48 -> 0
A50: =IFERROR(__xludf.DUMMYFUNCTION("""COMPUTED_VALUE"""),45918.40564571759) -> 45918.406 | B50: =IFERROR(vlookup(A50,TSM!A:Q,2,FALSE),"") -> 45913 | C50: =IFERROR(vlookup(A50,TSM!A:Q,8,FALSE),"") -> 20345 | D50: =IFERROR(vlookup(A50,TSM!A:Q,10,FALSE),"") -> 2931 | E50: =IF(D49=C50,"Yes","No") -> Yes | F50: =C50-D49 -> 0 | I50: =IFERROR(vlookup(H50,TSM!A:Q,2,FALSE),"") | J50: =IFERROR(vlookup(H50,TSM!A:Q,8,FALSE),"") | K50: =IFERROR(vlookup(H50,TSM!A:Q,10,FALSE),"") | M50: =J50-K49 -> 0
A51: =IFERROR(__xludf.DUMMYFUNCTION("""COMPUTED_VALUE"""),45918.40860819444) -> 45918.409 | B51: =IFERROR(vlookup(A51,TSM!A:Q,2,FALSE),"") -> 45913 | C51: =IFERROR(vlookup(A51,TSM!A:Q,8,FALSE),"") -> 2931 | D51: =IFERROR(vlookup(A51,TSM!A:Q,10,FALSE),"") -> 0 | E51: =IF(D50=C51,"Yes","No") -> Yes | F51: =C51-D50 -> 0 | I51: =IFERROR(vlookup(H51,TSM!A:Q,2,FALSE),"") | J51: =IFERROR(vlookup(H51,TSM!A:Q,8,FALSE),"") | K51: =IFERROR(vlookup(H51,TSM!A:Q,10,FALSE),"") | M51: =J51-K50 -> 0
B52: =IFERROR(vlookup(A52,TSM!A:Q,8,FALSE),"") | F52: =C52-D51 -> 0 | I52: =IFERROR(vlookup(H52,TSM!A:Q,2,FALSE),"") | M52: =J52-K51 -> 0
B53: =IFERROR(vlookup(A53,TSM!A:Q,8,FALSE),"") | F53: =C53-D52 -> 0 | I53: =IFERROR(vlookup(H53,TSM!A:Q,2,FALSE),"") | M53: =J53-K52 -> 0
B54: =IFERROR(vlookup(A54,TSM!A:Q,8,FALSE),"") | F54: =C54-D53 -> 0 | I54: =IFERROR(vlookup(H54,TSM!A:Q,2,FALSE),"") | M54: =J54-K53 -> 0
B55: =IFERROR(vlookup(A55,TSM!A:Q,8,FALSE),"") | F55: =C55-D54 -> 0 | I55: =IFERROR(vlookup(H55,TSM!A:Q,2,FALSE),"") | M55: =J55-K54 -> 0
B56: =IFERROR(vlookup(A56,TSM!A:Q,8,FALSE),"") | F56: =C56-D55 -> 0 | I56: =IFERROR(vlookup(H56,TSM!A:Q,2,FALSE),"") | M56: =J56-K55 -> 0
B57: =IFERROR(vlookup(A57,TSM!A:Q,8,FALSE),"") | F57: =C57-D56 -> 0 | I57: =IFERROR(vlookup(H57,TSM!A:Q,2,FALSE),"") | M57: =J57-K56 -> 0
B58: =IFERROR(vlookup(A58,TSM!A:Q,8,FALSE),"") | F58: =C58-D57 -> 0 | I58: =IFERROR(vlookup(H58,TSM!A:Q,2,FALSE),"") | M58: =J58-K57 -> 0
B59: =IFERROR(vlookup(A59,TSM!A:Q,8,FALSE),"") | F59: =C59-D58 -> 0 | I59: =IFERROR(vlookup(H59,TSM!A:Q,2,FALSE),"") | M59: =J59-K58 -> 0
B60: =IFERROR(vlookup(A60,TSM!A:Q,8,FALSE),"") | F60: =C60-D59 -> 0 | I60: =IFERROR(vlookup(A59,TSM!A:Q,2,FALSE),"") | M60: =J60-K59 -> 0
B61: =IFERROR(vlookup(A61,TSM!A:Q,8,FALSE),"") | F61: =C61-D60 -> 0 | I61: =IFERROR(vlookup(A60,TSM!A:Q,2,FALSE),"") | M61: =J61-K60 -> 0
B62: =IFERROR(vlookup(A62,TSM!A:Q,8,FALSE),"") | F62: =C62-D61 -> 0 | I62: =IFERROR(vlookup(A61,TSM!A:Q,2,FALSE),"") | M62: =J62-K61 -> 0
B63: =IFERROR(vlookup(A63,TSM!A:Q,8,FALSE),"") | F63: =C63-D62 -> 0 | I63: =IFERROR(vlookup(A62,TSM!A:Q,2,FALSE),"") | M63: =J63-K62 -> 0
B64: =IFERROR(vlookup(A64,TSM!A:Q,8,FALSE),"") | F64: =C64-D63 -> 0 | I64: =IFERROR(vlookup(A63,TSM!A:Q,2,FALSE),"") | M64: =J64-K63 -> 0
B65: =IFERROR(vlookup(A65,TSM!A:Q,8,FALSE),"") | F65: =C65-D64 -> 0 | I65: =IFERROR(vlookup(A64,TSM!A:Q,2,FALSE),"") | M65: =J65-K64 -> 0
B66: =IFERROR(vlookup(A66,TSM!A:Q,8,FALSE),"") | F66: =C66-D65 -> 0 | I66: =IFERROR(vlookup(A65,TSM!A:Q,2,FALSE),"") | M66: =J66-K65 -> 0
B67: =IFERROR(vlookup(A67,TSM!A:Q,8,FALSE),"") | F67: =C67-D66 -> 0 | I67: =IFERROR(vlookup(A66,TSM!A:Q,2,FALSE),"") | M67: =J67-K66 -> 0
B68: =IFERROR(vlookup(A68,TSM!A:Q,8,FALSE),"") | F68: =C68-D67 -> 0 | I68: =IFERROR(vlookup(A67,TSM!A:Q,2,FALSE),"") | M68: =J68-K67 -> 0
B69: =IFERROR(vlookup(A69,TSM!A:Q,8,FALSE),"") | F69: =C69-D68 -> 0 | I69: =IFERROR(vlookup(A68,TSM!A:Q,2,FALSE),"") | M69: =J69-K68 -> 0
B70: =IFERROR(vlookup(A70,TSM!A:Q,8,FALSE),"") | F70: =C70-D69 -> 0 | I70: =IFERROR(vlookup(A69,TSM!A:Q,2,FALSE),"") | M70: =J70-K69 -> 0
B71: =IFERROR(vlookup(A71,TSM!A:Q,8,FALSE),"") | F71: =C71-D70 -> 0 | I71: =IFERROR(vlookup(A70,TSM!A:Q,2,FALSE),"") | M71: =J71-K70 -> 0
... B1000: =IFERROR(vlookup(A1000,TSM!A:Q,8,FALSE),"") | F1000: =C1000-D999 -> 0 | I1000: =IFERROR(vlookup(A999,TSM!A:Q,2,FALSE),"") | M1000: =J1000-K999 -> 0
F1001: =C1001-D1000 -> 0 | I1001: =IFERROR(vlookup(A1000,TSM!A:Q,2,FALSE),"") | M1001: =J1001-K1000 -> 0

Sheet Sheet8

Sheet Sales
A1: Timestamp | B1: Date | C1: Month | D1: Year | E1: Equipment | F1: Airline | G1: Aircraft Category | H1: Aircraft Number | I1: Uplift | J1: ADI Number
A2: 45901.374 | B2: 45901 | C2: =TEXT(B2,"MMMM") -> September | D2: =TEXT(B2,"YYYY") -> 2025 | E2: SERIKI | F2: QATAR | G2: Passenger | H2: A7-BHP | I2: 14468 | J2: 007728 | L2: {=unique(E:E)} -> Equipment | M2: Total Uplift | N2: Total Fuellings
A3: 45901.375 | B3: 45901 | C3: =TEXT(B3,"MMMM") -> September | D3: =TEXT(B3,"YYYY") -> 2025 | E3: AKACHI | F3: QATAR | G3: Passenger | H3: A7-BHP | I3: 31130 | J3: 007727 | L3: SERIKI | M3: =if($O$3="all airlines",sumif(E:E,L3,I:I), sumifs(I:I,E:E,L:L,F:F,$O$3)) -> 407082 | N3: =IF($O$3="ALL AIRLINES",COUNTIF(E:E,L3),COUNTIFS(E:E,L3,F:F,$O$3)) -> 27 | O3: ALL AIRLINES
A4: 45901.545 | B4: 45901 | C4: =TEXT(B4,"MMMM") -> September | D4: =TEXT(B4,"YYYY") -> 2025 | E4: AKACHI | F4: QATAR | G4: Cargo | H4: A7-BFB | I4: 66770 | J4: 007729 | L4: AKACHI | M4: =if($O$3="all airlines",sumif(E:E,L4,I:I), sumifs(I:I,E:E,L:L,F:F,$O$3)) -> 881720 | N4: =IF($O$3="ALL AIRLINES",COUNTIF(E:E,L4),COUNTIFS(E:E,L4,F:F,$O$3)) -> 30
A5: 45901.545 | B5: 45901 | C5: =TEXT(B5,"MMMM") -> September | D5: =TEXT(B5,"YYYY") -> 2025 | E5: ODOGWU | F5: QATAR | G5: Cargo | H5: A7-BFB | I5: 15003 | J5: 007730 | L5: ODOGWU | M5: =if($O$3="all airlines",sumif(E:E,L5,I:I), sumifs(I:I,E:E,L:L,F:F,$O$3)) -> 92571 | N5: =IF($O$3="ALL AIRLINES",COUNTIF(E:E,L5),COUNTIFS(E:E,L5,F:F,$O$3)) -> 3
A6: 45901.966 | B6: 45901 | C6: =TEXT(B6,"MMMM") -> September | D6: =TEXT(B6,"YYYY") -> 2025 | E6: AKACHI | F6: QATAR | G6: Cargo | H6: A7-BFS | I6: 32460 | J6: 007732 | L6: DIVINE GRACE | M6: =if($O$3="all airlines",sumif(E:E,L6,I:I), sumifs(I:I,E:E,L:L,F:F,$O$3)) -> 450210 | N6: =IF($O$3="ALL AIRLINES",COUNTIF(E:E,L6),COUNTIFS(E:E,L6,F:F,$O$3)) -> 11
A7: 45901.967 | B7: 45901 | C7: =TEXT(B7,"MMMM") -> September | D7: =TEXT(B7,"YYYY") -> 2025 | E7: DIVINE GRACE | F7: QATAR | G7: Cargo | H7: A7-BFS | I7: 45854 | J7: 007731 | L7: SULTAN | M7: =if($O$3="all airlines",sumif(E:E,L7,I:I), sumifs(I:I,E:E,L:L,F:F,$O$3)) -> 39930 | N7: =IF($O$3="ALL AIRLINES",COUNTIF(E:E,L7),COUNTIFS(E:E,L7,F:F,$O$3)) -> 3
A8: 45902.39 | B8: 45902 | C8: =TEXT(B8,"MMMM") -> September | D8: =TEXT(B8,"YYYY") -> 2025 | E8: SERIKI | F8: QATAR | G8: Passenger | H8: A7-BDD | I8: 11953 | J8: 007735 | L8: ADEYEMI | M8: =if($O$3="all airlines",sumif(E:E,L8,I:I), sumifs(I:I,E:E,L:L,F:F,$O$3)) -> 415447 | N8: =IF($O$3="ALL AIRLINES",COUNTIF(E:E,L8),COUNTIFS(E:E,L8,F:F,$O$3)) -> 10
A9: 45902.392 | B9: 45902 | C9: =TEXT(B9,"MMMM") -> September | D9: =TEXT(B9,"YYYY") -> 2025 | E9: AKACHI | F9: QATAR | G9: Passenger | H9: A7-BDD | I9: 32550 | J9: 007733 | M9: =SUM(M3:M8) -> 2286960 | N9: =SUM(N3:N8) -> 84
A10: 45902.601 | B10: 45902 | C10: =TEXT(B10,"MMMM") -> September | D10: =TEXT(B10,"YYYY") -> 2025 | E10: DIVINE GRACE | F10: DHL | G10: Cargo | H10: D-ALMD | I10: 48608 | J10: 007737
A11: 45902.601 | B11: 45902 | C11: =TEXT(B11,"MMMM") -> September | D11: =TEXT(B11,"YYYY") -> 2025 | E11: SERIKI | F11: DHL | G11: Cargo | H11: EC-MEY | I11: 6823 | J11: 007738
A12: 45902.602 | B12: 45902 | C12: =TEXT(B12,"MMMM") -> September | D12: =TEXT(B12,"YYYY") -> 2025 | E12: SERIKI | F12: DHL | G12: Cargo | H12: OM-EDB | I12: 4407 | J12: 007736
A13: 45902.686 | B13: 45902 | C13: =TEXT(B13,"MMMM") -> September | D13: =TEXT(B13,"YYYY") -> 2025 | E13: SERIKI | F13: DHL | G13: Cargo | H13: 5N-TON | I13: 3466 | J13: 007739
A14: 45903.373 | B14: 45903 | C14: =TEXT(B14,"MMMM") -> September | D14: =TEXT(B14,"YYYY") -> 2025 | E14: SERIKI | F14: QATAR | G14: Passenger | H14: A7-BHU | I14: 30860 | J14: 007741
A15: 45903.438 | B15: 45903 | C15: =TEXT(B15,"MMMM") -> September | D15: =TEXT(B15,"YYYY") -> 2025 | E15: AKACHI | F15: QATAR | G15: Passenger | H15: A7-BHU | I15: 15920 | J15: 007740
A16: 45903.593 | B16: 45903 | C16: =TEXT(B16,"MMMM") -> September | D16: =TEXT(B16,"YYYY") -> 2025 | E16: AKACHI | F16: QATAR | G16: Passenger | H16: A7-BCV | I16: 44240 | J16: 007742
A17: 45904.368 | B17: 45904 | C17: =TEXT(B17,"MMMM") -> September | D17: =TEXT(B17,"YYYY") -> 2025 | E17: SERIKI | F17: QATAR | G17: Passenger | H17: A7-BHG | I17: 13281 | J17: 007744
A18: 45904.369 | B18: 45904 | C18: =TEXT(B18,"MMMM") -> September | D18: =TEXT(B18,"YYYY") -> 2025 | E18: AKACHI | F18: QATAR | G18: Passenger | H18: A7-BHG | I18: 32030 | J18: 007743
A19: 45904.606 | B19: 45904 | C19: =TEXT(B19,"MMMM") -> September | D19: =TEXT(B19,"YYYY") -> 2025 | E19: AKACHI | F19: QATAR | G19: Cargo | H19: A7-BFA | I19: 28290 | J19: 007745
A20: 45905.369 | B20: 45905 | C20: =TEXT(B20,"MMMM") -> September | D20: =TEXT(B20,"YYYY") -> 2025 | E20: SERIKI | F20: QATAR | G20: Passenger | H20: A7-BCW | I20: 13088 | J20: 007747
A21: 45905.37 | B21: 45905 | C21: =TEXT(B21,"MMMM") -> September | D21: =TEXT(B21,"YYYY") -> 2025 | E21: AKACHI | F21: QATAR | G21: Passenger | H21: A7-BCW | I21: 30100 | J21: 007746
A22: 45905.962 | B22: 45905 | E22: AKACHI | F22: QATAR | G22: Passenger | H22: A7-BBG | I22: 32290 | J22: 007748
A23: 45905.98 | B23: 45905 | E23: SERIKI | F23: QATAR | G23: Passenger | H23: A7-BBG | I23: 30121 | J23: 007749
A24: 45906.583 | B24: 45906 | E24: SERIKI | F24: QATAR | G24: Passenger | H24: A7-BHP | I24: 18903 | J24: 007752
A25: 45906.584 | B25: 45906 | E25: AKACHI | F25: QATAR | G25: Passenger | H25: A7-BHP | I25: 26080 | J25: 007750
A26: 45907.657 | B26: 45907 | E26: SERIKI | F26: QATAR | G26: Passenger | H26: A7-BCP | I26: 13958 | J26: 007754
A27: 45907.66 | B27: 45907 | E27: AKACHI | F27: QATAR | G27: Passenger | H27: A7-BCP | I27: 31030 | J27: 007753
A28: 45907.664 | B28: 45907 | E28: AKACHI | F28: QATAR | G28: Passenger | H28: A7-BCB | I28: 31300 | J28: 007755
A29: 45907.665 | B29: 45907 | E29: SERIKI | F29: QATAR | G29: Passenger | H29: A7-BCB | I29: 11330 | J29: 007756
A30: 45908.441 | B30: 45908 | E30: SERIKI | F30: QATAR | G30: Passenger | H30: A7-BHT | I30: 15240 | J30: 007758
A31: 45908.442 | B31: 45908 | E31: AKACHI | F31: QATAR | G31: Passenger | H31: A7-BHT | I31: 31430 | J31: 007757
A32: 45908.547 | B32: 45908 | E32: ODOGWU | F32: QATAR | G32: Cargo | H32: A7-BTB | I32: 38068 | J32: 007760
A33: 45908.548 | B33: 45908 | E33: DIVINE GRACE | F33: QATAR | G33: Cargo | H33: A7-BTB | I33: 42391 | J33: 007761
... A85: 45919.088 | B85: 45918 | E85: AKACHI | F85: ETHIOPIAN | G85: Passenger | H85: ET-AWK | I85: 16890 | J85: 007798
C86: =TEXT(B86,"MMMM") -> December | D86: =TEXT(B86,"YYYY") -> 1899
C87: =TEXT(B87,"MMMM") -> December | D87: =TEXT(B87,"YYYY") -> 1899
C88: =TEXT(B88,"MMMM") -> December | D88: =TEXT(B88,"YYYY") -> 1899
C89: =TEXT(B89,"MMMM") -> December | D89: =TEXT(B89,"YYYY") -> 1899
C90: =TEXT(B90,"MMMM") -> December | D90: =TEXT(B90,"YYYY") -> 1899
C91: =TEXT(B91,"MMMM") -> December | D91: =TEXT(B91,"YYYY") -> 1899
C92: =TEXT(B92,"MMMM") -> December | D92: =TEXT(B92,"YYYY") -> 1899
C93: =TEXT(B93,"MMMM") -> December | D93: =TEXT(B93,"YYYY") -> 1899
C94: =TEXT(B94,"MMMM") -> December | D94: =TEXT(B94,"YYYY") -> 1899
C95: =TEXT(B95,"MMMM") -> December | D95: =TEXT(B95,"YYYY") -> 1899
C96: =TEXT(B96,"MMMM") -> December | D96: =TEXT(B96,"YYYY") -> 1899
C97: =TEXT(B97,"MMMM") -> December | D97: =TEXT(B97,"YYYY") -> 1899
... C186: =TEXT(B186,"MMMM") -> December | D186: =TEXT(B186,"YYYY") -> 1899

Sheet Handover Note
A1: Timestamp | B1: Date | C1: Shift | D1: Tank/Bowser ID | E1: Opening Stock | F1: Closing Stock | G1: Tank/Bowser ID [Row 2] | H1: Tank/Bowser ID [Row 3] | I1: Tank/Bowser ID [Row 4] | J1: Tank/Bowser ID [Row 5] | K1: Tank/Bowser ID [Row 6] | L1: Tank/Bowser ID [Row 7] | M1: Tank/Bowser ID [Row 8] | N1: Tank/Bowser ID [Row 9] | O1: Tank/Bowser ID [Row 10] | P1: Tank/Bowser ID [Row 11] | Q1: Tank/Bowser ID [Row 12]
A2: 45915.651 | B2: 45914 | C2: Night | D2: Tank 2 | E2: 137344 | F2: 34179
A3: 45915.652 | B3: 45914 | C3: Night | D3: Tank 3 | E3: 632469 | F3: 632469

Sheet C of Dashboard
A1: Real-Time Stock Monitor
A2: TOTAL TANK STOCK (L) | H2: TOTAL BOWSER STOCK (L) | N2: VOLUME SOLD TODAY (L) | T2: VOLUME SOLD BY MONTH (L) | Z2: SALES THIS MONTH BY AIRLINE | AL2: SALES THIS MONTH BY AIRLINE (L)
A3: =IFERROR(sum(StockOverview!B5:B7),"Check Data") -> 268642 | H3: =IFERROR(SUM(StockOverview!B12:B19),"") -> 277335 | N3: =IFERROR(__xludf.DUMMYFUNCTION("SUM(FILTER(Sales!I:I,Sales!A:A >= IF(TIME(HOUR(NOW()),MINUTE(NOW()),0) < TIME(8,0,0),TODAY()-1 + TIME(8,0,0),TODAY() + TIME(8,0,0)),Sales!A:A < IF(TIME(HOUR(NOW()),MINUTE(NOW()),0) < TIME(8,0,0),TODAY() + TIME(8,0,0),TODAY()+1 + TIME(8,0,0))))"),"#N/A") -> #N/A | T3: =SUMIF(Sales!C:C,AL14,Sales!I:I) -> 521301 | Z3: =sumifs(Sales!$I:$I,Sales!$F:$F,$AL$11,Sales!$C:$C,$AL$14,Sales!$D:$D,$AL$16) -> 63304 | AL3: =sumifs(Sales!$I:$I,Sales!$F:$F,$AL$11,Sales!$C:$C,$AL$14,Sales!$D:$D,$AL$16) -> 63304
B6: CURRENT TANK STOCK OVERVIEW | AC6: ALTERT | AL6: Today's Date:
B7: Tank ID | G7: Volume (L) | N7: Tank ID | Q7: Opening Stock | AL7: =TODAY() -> 45921
B8: Tank 1 | G8: =sum(#REF!,'T-01 Activities'!J:J)-sum('T-01 Activities'!H:H) -> #REF! | N8: Tank 1 | AC8: Bowser ID | AG8: Volume (L)
B9: Tank 2 | G9: =sum(#REF!,TSM!J:J)-sum(TSM!H:H) -> #REF! | AC9: Adeyemi | AG9: =VLOOKUP(AC9,StockOverview!A11:B11,2,false) -> #N/A | AL9: FILTERS
B10: Tank 3 | G10: 0 | AC10: Akachi | AG10: =VLOOKUP(AC10,StockOverview!A12:B20,2,false) -> 35161 | AL10: Select Airline
AC11: Ashake | AG11: =VLOOKUP(AC11,StockOverview!A13:B20,2,false) -> 5493 | AL11: DHL
B12: TANK STOCK MOVEMENT | AC12: Divine grace | AG12: =VLOOKUP(AC12,StockOverview!A14:B20,2,false) -> 54990
B13: Activity | G13: Expected (L) | J13: Actual (L) | AC13: Odogwu | AG13: =VLOOKUP(AC13,#REF!,2,false) -> #REF! | AL13: Select Month
B14: Total | J14: =sum(SUMIF('T-01 Activities'!E:E,"Discharge",'T-01 Activities'!K:K),SUMIF(TSM!E:E,"Discharge",TSM!K:K),SUMIF('T-03 Activities'!D:D,"Discharge",'T-03 Activities'!J:J)) -> #N/A | AC14: Roseline | AG14: =VLOOKUP(AC14,StockOverview!A22:B22,2,false) -> #N/A | AL14: SEPTEMBER
B15: Total Loading | G15: =sum(sumif('T-01 Activities'!E:E,"Loading",'T-01 Activities'!G:G),sumif(TSM!E:E,"Loading",TSM!G:G),sumif('T-03 Activities'!D:D,"Loading",'T-03 Activities'!F:F)) -> #N/A | AC15: Seriki | AG15: =VLOOKUP(AC15,StockOverview!A22:B23,2,false) -> #N/A | AL15: Select Year
B16: Total Bowser Trf. | AC16: Sultan | AG16: =VLOOKUP(AC16,StockOverview!A22:B24,2,false) -> #N/A | AL16: 2025
AC17: TOTAL | AG17: =VLOOKUP(AC17,StockOverview!A22:B25,2,false) -> #N/A

Sheet data
A1: Timestamp | B1: Date | C1: Month | D1: Tank ID | E1: Tank Activity Description | F1: Equipment ID | G1: Meter Reading | H1: Opening Stock | I1: Expected Closing Stock | J1: Closing Stock | K1: Quantity | L1: Difference | M1: Operator | N1: Movement Type
A2: 45903.446 | B2: 45903 | C2: =text(B2,"mmmm") -> September | D2: Tank 1 | E2: Loading | F2: Akachi | G2: 10318 | H2: 761882 | I2: =IF(E2="Loading",H2-G2,H2+G2) -> 751564 | J2: 751610 | K2: =abs('T-01 Activities'!$J$2:$J$25-'T-01 Activities'!$H$2:$H$25) -> #REF! | L2: =J2-I2 -> 46 | M2: Seyi | N2: =iferror(ifs(E:E="Loading","Outflow",or(E:E="Discharge", E:E= "Bowser Transfer"),"Inflow"), "No Data") -> Outflow
A3: 45903.663 | B3: 45903 | C3: =text(B3,"mmmm") -> September | D3: Tank 1 | E3: Loading | F3: Akachi | G3: 29545 | H3: 751610 | I3: =IF(E3="Loading",H3-G3,H3+G3) -> 722065 | J3: 722035 | K3: =abs('T-01 Activities'!$J$2:$J$25-'T-01 Activities'!$H$2:$H$25) -> #REF! | L3: =J3-I3 -> -30 | M3: Chuks | N3: =iferror(ifs(E:E="Loading","Outflow",or(E:E="Discharge", E:E= "Bowser Transfer"),"Inflow"), "No Data") -> Outflow
A4: 45903.678 | B4: 45903 | C4: =text(B4,"mmmm") -> September | D4: Tank 1 | E4: Loading | F4: Seriki | G4: 15350 | H4: 722035 | I4: =IF(E4="Loading",H4-G4,H4+G4) -> 706685 | J4: 706470 | K4: =abs('T-01 Activities'!$J$2:$J$25-'T-01 Activities'!$H$2:$H$25) -> #REF! | L4: =J4-I4 -> -215 | M4: Seyi | N4: =iferror(ifs(E:E="Loading","Outflow",or(E:E="Discharge", E:E= "Bowser Transfer"),"Inflow"), "No Data") -> Outflow
A5: 45904.197 | B5: 45904 | C5: =text(B5,"mmmm") -> September | D5: Tank 1 | E5: Loading | F5: Divine Grace | G5: 47990 | H5: 706470 | I5: =IF(E5="Loading",H5-G5,H5+G5) -> 658480 | J5: 657907 | K5: =abs('T-01 Activities'!$J$2:$J$25-'T-01 Activities'!$H$2:$H$25) -> #REF! | L5: =J5-I5 -> -573 | M5: Chuks | N5: =iferror(ifs(E:E="Loading","Outflow",or(E:E="Discharge", E:E= "Bowser Transfer"),"Inflow"), "No Data") -> Outflow
A6: 45904.413 | B6: 45904 | C6: =text(B6,"mmmm") -> September | D6: Tank 1 | E6: Loading | F6: Akachi | G6: 32081 | H6: 657907 | I6: =IF(E6="Loading",H6-G6,H6+G6) -> 625826 | J6: 625541 | K6: =abs('T-01 Activities'!$J$2:$J$25-'T-01 Activities'!$H$2:$H$25) -> #REF! | L6: =J6-I6 -> -285 | M6: Seyi | N6: =iferror(ifs(E:E="Loading","Outflow",or(E:E="Discharge", E:E= "Bowser Transfer"),"Inflow"), "No Data") -> Outflow
A7: 45904.426 | B7: 45904 | C7: =text(B7,"mmmm") -> September | D7: Tank 1 | E7: Loading | F7: Seriki | G7: 12500 | H7: 625541 | I7: =IF(E7="Loading",H7-G7,H7+G7) -> 613041 | J7: 613101 | K7: =abs('T-01 Activities'!$J$2:$J$25-'T-01 Activities'!$H$2:$H$25) -> #REF! | L7: =J7-I7 -> 60 | M7: Seyi | N7: =iferror(ifs(E:E="Loading","Outflow",or(E:E="Discharge", E:E= "Bowser Transfer"),"Inflow"), "No Data") -> Outflow
A8: 45904.488 | B8: 45903 | C8: =text(B8,"mmmm") -> September | D8: Tank 2 | E8: Loading | F8: Seriki | G8: 28620 | H8: 35325 | I8: =if(E8="Loading",H8-G8,H8+G8) -> 6705 | J8: 6664 | K8: =abs(J8-H8) -> 28661 | L8: =J8-I8 -> -41 | M8: Seyi | N8: =iferror(ifs(E:E="Loading","Outflow",or(E:E="Discharge", E:E= "Bowser Transfer"),"Inflow"), "No Data") -> Outflow
A9: 45904.493 | B9: 45903 | C9: =text(B9,"mmmm") -> September | D9: Tank 2 | E9: Loading | F9: Akachi | G9: 6758 | H9: 6664 | I9: =if(E9="Loading",H9-G9,H9+G9) -> -94 | J9: 0 | K9: =abs(J9-H9) -> 6664 | L9: =J9-I9 -> 94 | M9: Seyi | N9: =iferror(ifs(E:E="Loading","Outflow",or(E:E="Discharge", E:E= "Bowser Transfer"),"Inflow"), "No Data") -> Outflow
A10: 45904.652 | B10: 45904 | C10: =text(B10,"mmmm") -> September | D10: Tank 1 | E10: Loading | F10: Akachi | G10: 28321 | H10: 613101 | I10: =IF(E10="Loading",H10-G10,H10+G10) -> 584780 | J10: 584073 | K10: =abs('T-01 Activities'!$J$2:$J$25-'T-01 Activities'!$H$2:$H$25) -> #REF! | L10: =J10-I10 -> -707 | M10: Seyi | N10: =iferror(ifs(E:E="Loading","Outflow",or(E:E="Discharge", E:E= "Bowser Transfer"),"Inflow"), "No Data") -> Outflow
A11: 45905.953 | B11: 45905 | C11: =text(B11,"mmmm") -> September | D11: Tank 2 | E11: Discharge | F11: T15326LA | G11: 44910 | H11: 0 | I11: =if(E11="Loading",H11-G11,H11+G11) -> 44910 | J11: 45409 | K11: =abs(J11-H11) -> 45409 | L11: =J11-I11 -> 499 | M11: John | N11: =iferror(ifs(E:E="Loading","Outflow",or(E:E="Discharge", E:E= "Bowser Transfer"),"Inflow"), "No Data") -> Inflow
A12: 45905.954 | B12: 45905 | C12: =text(B12,"mmmm") -> September | D12: Tank 2 | E12: Discharge | F12: T15327LA | G12: 44900 | H12: 45409 | I12: =if(E12="Loading",H12-G12,H12+G12) -> 90309 | J12: 90844 | K12: =abs(J12-H12) -> 45435 | L12: =J12-I12 -> 535 | M12: Jamiu | N12: =iferror(ifs(E:E="Loading","Outflow",or(E:E="Discharge", E:E= "Bowser Transfer"),"Inflow"), "No Data") -> Inflow
A13: 45905.955 | B13: 45905 | C13: =text(B13,"mmmm") -> September | D13: Tank 2 | E13: Discharge | F13: T20463LA | G13: 39930 | H13: 90844 | I13: =if(E13="Loading",H13-G13,H13+G13) -> 130774 | J13: 130189 | K13: =abs(J13-H13) -> 39345 | L13: =J13-I13 -> -585 | M13: Jamiu | N13: =iferror(ifs(E:E="Loading","Outflow",or(E:E="Discharge", E:E= "Bowser Transfer"),"Inflow"), "No Data") -> Inflow
A14: 45905.956 | B14: 45905 | C14: =text(B14,"mmmm") -> September | D14: Tank 2 | E14: Discharge | F14: ABC784XD | G14: 44880 | H14: 130189 | I14: =if(E14="Loading",H14-G14,H14+G14) -> 175069 | J14: 175612 | K14: =abs(J14-H14) -> 45423 | L14: =J14-I14 -> 543 | M14: Seyi | N14: =iferror(ifs(E:E="Loading","Outflow",or(E:E="Discharge", E:E= "Bowser Transfer"),"Inflow"), "No Data") -> Inflow
A15: 45905.957 | B15: 45905 | C15: =text(B15,"mmmm") -> September | D15: Tank 2 | E15: Discharge | F15: T19344LA | G15: 44930 | H15: 175612 | I15: =if(E15="Loading",H15-G15,H15+G15) -> 220542 | J15: 220628 | K15: =abs(J15-H15) -> 45016 | L15: =J15-I15 -> 86 | M15: Seyi | N15: =iferror(ifs(E:E="Loading","Outflow",or(E:E="Discharge", E:E= "Bowser Transfer"),"Inflow"), "No Data") -> Inflow
A16: 45905.959 | B16: 45905 | C16: =text(B16,"mmmm") -> September | D16: Tank 2 | E16: Discharge | F16: T19390LA | G16: 44910 | H16: 220628 | I16: =if(E16="Loading",H16-G16,H16+G16) -> 265538 | J16: 265540 | K16: =abs(J16-H16) -> 44912 | L16: =J16-I16 -> 2 | M16: Chuks | N16: =iferror(ifs(E:E="Loading","Outflow",or(E:E="Discharge", E:E= "Bowser Transfer"),"Inflow"), "No Data") -> Inflow
A17: 45905.982 | B17: 45905 | C17: =text(B17,"mmmm") -> September | D17: Tank 2 | E17: Discharge | F17: T15325LA | G17: 44900 | H17: 265540 | I17: =if(E17="Loading",H17-G17,H17+G17) -> 310440 | J17: 310349 | K17: =abs(J17-H17) -> 44809 | L17: =J17-I17 -> -91 | M17: Chuks | N17: =iferror(ifs(E:E="Loading","Outflow",or(E:E="Discharge", E:E= "Bowser Transfer"),"Inflow"), "No Data") -> Inflow
A18: 45906.035 | B18: 45905 | C18: =text(B18,"mmmm") -> September | D18: Tank 2 | E18: Discharge | F18: T19345LA | G18: 44900 | H18: 310349 | I18: =if(E18="Loading",H18-G18,H18+G18) -> 355249 | J18: 354961 | K18: =abs(J18-H18) -> 44612 | L18: =J18-I18 -> -288 | M18: Chuks | N18: =iferror(ifs(E:E="Loading","Outflow",or(E:E="Discharge", E:E= "Bowser Transfer"),"Inflow"), "No Data") -> Inflow
A19: 45906.122 | B19: 45905 | C19: =text(B19,"mmmm") -> September | D19: Tank 2 | E19: Discharge | F19: KMC128ZQ | G19: 44900 | H19: 354961 | I19: =if(E19="Loading",H19-G19,H19+G19) -> 399861 | J19: 400097 | K19: =abs(J19-H19) -> 45136 | L19: =J19-I19 -> 236 | M19: Chuks | N19: =iferror(ifs(E:E="Loading","Outflow",or(E:E="Discharge", E:E= "Bowser Transfer"),"Inflow"), "No Data") -> Inflow
A20: 45906.153 | B20: 45905 | C20: =text(B20,"mmmm") -> September | D20: Tank 1 | E20: Loading | F20: Akachi | G20: 26524 | H20: 581896 | I20: =IF(E20="Loading",H20-G20,H20+G20) -> 555372 | J20: 555150 | K20: =abs('T-01 Activities'!$J$2:$J$25-'T-01 Activities'!$H$2:$H$25) -> #REF! | L20: =J20-I20 -> -222 | M20: John | N20: =iferror(ifs(E:E="Loading","Outflow",or(E:E="Discharge", E:E= "Bowser Transfer"),"Inflow"), "No Data") -> Outflow
A21: 45906.154 | B21: 45905 | C21: =text(B21,"mmmm") -> September | D21: Tank 1 | E21: Loading | F21: Seriki | G21: 14120 | H21: 555150 | I21: =IF(E21="Loading",H21-G21,H21+G21) -> 541030 | J21: 541880 | K21: =abs('T-01 Activities'!$J$2:$J$25-'T-01 Activities'!$H$2:$H$25) -> #REF! | L21: =J21-I21 -> 850 | M21: John | N21: =iferror(ifs(E:E="Loading","Outflow",or(E:E="Discharge", E:E= "Bowser Transfer"),"Inflow"), "No Data") -> Outflow
A22: 45906.155 | B22: 45905 | C22: =text(B22,"mmmm") -> September | D22: Tank 1 | E22: Loading | F22: Akachi | G22: 32618 | H22: 541880 | I22: =IF(E22="Loading",H22-G22,H22+G22) -> 509262 | J22: 509224 | K22: =abs('T-01 Activities'!$J$2:$J$25-'T-01 Activities'!$H$2:$H$25) -> #REF! | L22: =J22-I22 -> -38 | M22: John | N22: =iferror(ifs(E:E="Loading","Outflow",or(E:E="Discharge", E:E= "Bowser Transfer"),"Inflow"), "No Data") -> Outflow
A23: 45906.156 | B23: 45905 | C23: =text(B23,"mmmm") -> September | D23: Tank 1 | E23: Loading | F23: Seriki | G23: 29540 | H23: 509224 | I23: =IF(E23="Loading",H23-G23,H23+G23) -> 479684 | J23: 479367 | K23: =abs('T-01 Activities'!$J$2:$J$25-'T-01 Activities'!$H$2:$H$25) -> #REF! | L23: =J23-I23 -> -317 | M23: Chuks | N23: =iferror(ifs(E:E="Loading","Outflow",or(E:E="Discharge", E:E= "Bowser Transfer"),"Inflow"), "No Data") -> Outflow
A24: 45906.831 | B24: 45906 | C24: =text(B24,"mmmm") -> September | D24: Tank 1 | E24: Loading | F24: Akachi | G24: 26016 | H24: 479367 | I24: =IF(E24="Loading",H24-G24,H24+G24) -> 453351 | J24: 453359 | K24: =abs('T-01 Activities'!$J$2:$J$25-'T-01 Activities'!$H$2:$H$25) -> #REF! | L24: =J24-I24 -> 8 | M24: Jamiu | N24: =iferror(ifs(E:E="Loading","Outflow",or(E:E="Discharge", E:E= "Bowser Transfer"),"Inflow"), "No Data") -> Outflow
A25: 45906.832 | B25: 45906 | C25: =text(B25,"mmmm") -> September | D25: Tank 1 | E25: Loading | F25: Seriki | G25: 18010 | H25: 453359 | I25: =IF(E25="Loading",H25-G25,H25+G25) -> 435349 | J25: 435537 | K25: =abs('T-01 Activities'!$J$2:$J$25-'T-01 Activities'!$H$2:$H$25) -> #REF! | L25: =J25-I25 -> 188 | M25: Jamiu | N25: =iferror(ifs(E:E="Loading","Outflow",or(E:E="Discharge", E:E= "Bowser Transfer"),"Inflow"), "No Data") -> Outflow

Sheet T-03 Activities
A1: Timestamp | B1: Date | C1: Month | D1: Tank Activity Description | E1: Equipment ID | F1: Meter Reading | G1: Opening Stock | H1: Expected Stock | I1: Closing Stock | J1: Quantity | K1: Difference | L1: Operator | M1: Movement Type
C2: =text(B2,"mmmm") -> December | H2: =if(D2="Loading",G2-F2,G2+F2) -> 0 | J2: =abs(Tank_3_Activities[Closing Stock]-Tank_3_Activities[Opening Stock]) -> 0 | K2: =Tank_3_Activities[Closing Stock]-Tank_3_Activities[Expected Stock] -> 0 | M2: =iferror(ifs(D:D="Loading","Transfer",or(D:D="Discharge", D:D= "Bowser Transfer"),"Receipt"), "No Data") -> No Data
C3: =text(B3,"mmmm") -> December | H3: =if(D3="Loading",G3-F3,G3+F3) -> 0 | J3: =abs(Tank_3_Activities[Closing Stock]-Tank_3_Activities[Opening Stock]) -> 0 | K3: =Tank_3_Activities[Closing Stock]-Tank_3_Activities[Expected Stock] -> 0 | M3: =iferror(ifs(D:D="Loading","Transfer",or(D:D="Discharge", D:D= "Bowser Transfer"),"Receipt"), "No Data") -> No Data
C4: =text(B4,"mmmm") -> December | H4: =if(D4="Loading",G4-F4,G4+F4) -> 0 | J4: =abs(Tank_3_Activities[Closing Stock]-Tank_3_Activities[Opening Stock]) -> 0 | K4: =Tank_3_Activities[Closing Stock]-Tank_3_Activities[Expected Stock] -> 0 | M4: =iferror(ifs(D:D="Loading","Transfer",or(D:D="Discharge", D:D= "Bowser Transfer"),"Receipt"), "No Data") -> No Data
C5: =text(B5,"mmmm") -> December | H5: =if(D5="Loading",G5-F5,G5+F5) -> 0 | J5: =abs(Tank_3_Activities[Closing Stock]-Tank_3_Activities[Opening Stock]) -> 0 | K5: =Tank_3_Activities[Closing Stock]-Tank_3_Activities[Expected Stock] -> 0 | M5: =iferror(ifs(D:D="Loading","Transfer",or(D:D="Discharge", D:D= "Bowser Transfer"),"Receipt"), "No Data") -> No Data
C6: =text(B6,"mmmm") -> December | H6: =if(D6="Loading",G6-F6,G6+F6) -> 0 | J6: =abs(Tank_3_Activities[Closing Stock]-Tank_3_Activities[Opening Stock]) -> 0 | K6: =Tank_3_Activities[Closing Stock]-Tank_3_Activities[Expected Stock] -> 0 | M6: =iferror(ifs(D:D="Loading","Transfer",or(D:D="Discharge", D:D= "Bowser Transfer"),"Receipt"), "No Data") -> No Data
C7: =text(B7,"mmmm") -> December | H7: =if(D7="Loading",G7-F7,G7+F7) -> 0 | J7: =abs(Tank_3_Activities[Closing Stock]-Tank_3_Activities[Opening Stock]) -> 0 | K7: =Tank_3_Activities[Closing Stock]-Tank_3_Activities[Expected Stock] -> 0 | M7: =iferror(ifs(D:D="Loading","Transfer",or(D:D="Discharge", D:D= "Bowser Transfer"),"Receipt"), "No Data") -> No Data
C8: =text(B8,"mmmm") -> December | H8: =if(D8="Loading",G8-F8,G8+F8) -> 0 | J8: =abs(Tank_3_Activities[Closing Stock]-Tank_3_Activities[Opening Stock]) -> 0 | K8: =Tank_3_Activities[Closing Stock]-Tank_3_Activities[Expected Stock] -> 0 | M8: =iferror(ifs(D:D="Loading","Transfer",or(D:D="Discharge", D:D= "Bowser Transfer"),"Receipt"), "No Data") -> No Data
C9: =text(B9,"mmmm") -> December | H9: =if(D9="Loading",G9-F9,G9+F9) -> 0 | J9: =abs(Tank_3_Activities[Closing Stock]-Tank_3_Activities[Opening Stock]) -> 0 | K9: =Tank_3_Activities[Closing Stock]-Tank_3_Activities[Expected Stock] -> 0 | M9: =iferror(ifs(D:D="Loading","Transfer",or(D:D="Discharge", D:D= "Bowser Transfer"),"Receipt"), "No Data") -> No Data
C10: =text(B10,"mmmm") -> December | H10: =if(D10="Loading",G10-F10,G10+F10) -> 0 | J10: =abs(Tank_3_Activities[Closing Stock]-Tank_3_Activities[Opening Stock]) -> 0 | K10: =Tank_3_Activities[Closing Stock]-Tank_3_Activities[Expected Stock] -> 0 | M10: =iferror(ifs(D:D="Loading","Transfer",or(D:D="Discharge", D:D= "Bowser Transfer"),"Receipt"), "No Data") -> No Data
C11: =text(B11,"mmmm") -> December | H11: =if(D11="Loading",G11-F11,G11+F11) -> 0 | J11: =abs(Tank_3_Activities[Closing Stock]-Tank_3_Activities[Opening Stock]) -> 0 | K11: =Tank_3_Activities[Closing Stock]-Tank_3_Activities[Expected Stock] -> 0 | M11: =iferror(ifs(D:D="Loading","Transfer",or(D:D="Discharge", D:D= "Bowser Transfer"),"Receipt"), "No Data") -> No Data
C12: =text(B12,"mmmm") -> December | H12: =if(D12="Loading",G12-F12,G12+F12) -> 0 | J12: =abs(Tank_3_Activities[Closing Stock]-Tank_3_Activities[Opening Stock]) -> 0 | K12: =Tank_3_Activities[Closing Stock]-Tank_3_Activities[Expected Stock] -> 0 | M12: =iferror(ifs(D:D="Loading","Transfer",or(D:D="Discharge", D:D= "Bowser Transfer"),"Receipt"), "No Data") -> No Data
C13: =text(B13,"mmmm") -> December | H13: =if(D13="Loading",G13-F13,G13+F13) -> 0 | J13: =abs(Tank_3_Activities[Closing Stock]-Tank_3_Activities[Opening Stock]) -> 0 | K13: =Tank_3_Activities[Closing Stock]-Tank_3_Activities[Expected Stock] -> 0 | M13: =iferror(ifs(D:D="Loading","Transfer",or(D:D="Discharge", D:D= "Bowser Transfer"),"Receipt"), "No Data") -> No Data
... C30: =text(B30,"mmmm") -> December | H30: =if(D30="Loading",G30-F30,G30+F30) -> 0 | J30: =abs(Tank_3_Activities[Closing Stock]-Tank_3_Activities[Opening Stock]) -> 0 | K30: =Tank_3_Activities[Closing Stock]-Tank_3_Activities[Expected Stock] -> 0 | M30: =iferror(ifs(D:D="Loading","Transfer",or(D:D="Discharge", D:D= "Bowser Transfer"),"Receipt"), "No Data") -> No Data

Sheet Form responses 7
A1: Timestamp | B1: Untitled Question
